IDNum,a,b,c,d,actor1,actor2,actor3,actor4,actor5,actor6,actor7,actor8,actor9,actor10
35790,Action,History,War,2017,Walter Huston,Harry Davenport,Paul Hurst,Dana Andrews,NA,NA,NA,NA,NA,NA
66853,Drama,2016,NA,NA,Ivan de Albuquerque,Rubens Correia,Roberto Bonfim,NA,NA,NA,NA,NA,NA,NA
69049,Drama,2018,NA,NA,Peter Bogdanovich,Robert Random,John Huston,NA,NA,NA,NA,NA,NA,NA
94859,Comedy,2016,NA,NA,Allan Arbus,Zack Norman,Ed Lauter,Allen Garfield,NA,NA,NA,NA,NA,NA
100275,Comedy,Drama,Fantasy,2017,Francisco Reyes,Luis Alarcn,NA,NA,NA,NA,NA,NA,NA,NA
133957,Drama,2016,NA,NA,Paul Hunt,Nikolai van der Heyde,David Carradine,NA,NA,NA,NA,NA,NA,NA
137204,Adventure,Animation,Comedy,2017,C. Ernst Harth,Anthony Harrison,NA,NA,NA,NA,NA,NA,NA,NA
283440,Sci-Fi,2015,NA,NA,Thomas Scharff,Hans Dieter Brckner,Francesco Pahlevan,NA,NA,NA,NA,NA,NA,NA
315642,Action,Crime,Drama,2016,Farhan Akhtar,John Abraham,Amitabh Bachchan,NA,NA,NA,NA,NA,NA,NA
329539,Adventure,Comedy,Romance,2014,Martin Kove,Pat Morita,Dean Haglund,Ian Lithgow,NA,NA,NA,NA,NA,NA
331314,Adventure,Animation,Comedy,2017,Kelsey Grammer,John Goodman,Jeff Foxworthy,Johnny Orlando,NA,NA,NA,NA,NA,NA
337926,Biography,2015,NA,NA,Gabriel Braga Nunes,Paulo Betti,NA,NA,NA,NA,NA,NA,NA,NA
339736,Horror,2017,NA,NA,Sean Patrick Flanery,Frederick Koehler,NA,NA,NA,NA,NA,NA,NA,NA
346045,Drama,2015,NA,NA,Martin Aslan,NA,NA,NA,NA,NA,NA,NA,NA,NA
364201,Action,2016,NA,NA,Javed Jaffrey,Bob Christo,Anup Jalota,Dev Anand,NA,NA,NA,NA,NA,NA
365545,Comedy,Drama,Romance,2018,Ricky Whittle,Ernie Hudson,NA,NA,NA,NA,NA,NA,NA,NA
365907,Crime,Drama,Mystery,2014,Liam Neeson,Boyd Holbrook,Dan Stevens,David Harbour,NA,NA,NA,NA,NA,NA
366415,Documentary,2017,NA,NA,Vincent Vartanov,NA,NA,NA,NA,NA,NA,NA,NA,NA
369610,Action,Adventure,Sci-Fi,2015,Chris Pratt,Ty Simpkins,NA,NA,NA,NA,NA,NA,NA,NA
376479,Crime,Drama,2016,NA,Ewan McGregor,Peter Riegert,NA,NA,NA,NA,NA,NA,NA,NA
403935,Action,2014,NA,NA,Ajay Devgn,Prabhas,Shahid Kapoor,NA,NA,NA,NA,NA,NA,NA
420293,Biography,Drama,History,2015,Tye Sheridan,Billy Crudup,Ezra Miller,NA,NA,NA,NA,NA,NA,NA
424859,Drama,2014,NA,NA,Jean Hugues Anglade,Michael Madsen,NA,NA,NA,NA,NA,NA,NA,NA
435651,Drama,Romance,Sci-Fi,2014,Jeff Bridges,Brenton Thwaites,NA,NA,NA,NA,NA,NA,NA,NA
437086,Action,Adventure,Romance,2018,Christoph Waltz,NA,NA,NA,NA,NA,NA,NA,NA,NA
443465,Comedy,Drama,Romance,2014,John Cullum,Chris Evans,NA,NA,NA,NA,NA,NA,NA,NA
443533,Drama,Romance,War,2016,Derek Jacobi,Elliott Gould,NA,NA,NA,NA,NA,NA,NA,NA
446792,Comedy,Drama,Romance,2018,Robert Walden,Jay Huguley,Ken Kercheval,NA,NA,NA,NA,NA,NA,NA
451201,Horror,2017,NA,NA,Wade Sullivan,NA,NA,NA,NA,NA,NA,NA,NA,NA
451279,Action,Adventure,Fantasy,2017,Chris Pine,NA,NA,NA,NA,NA,NA,NA,NA,NA
455944,Action,Crime,Thriller,2014,Denzel Washington,David Harbour,Marton Csokas,NA,NA,NA,NA,NA,NA,NA
458413,Comedy,Drama,2014,NA,Pierce Brosnan,Aaron Paul,NA,NA,NA,NA,NA,NA,NA,NA
458481,Crime,Thriller,2014,NA,Mickey Rourke,Joseph Gordon Levitt,Josh Brolin,NA,NA,NA,NA,NA,NA,NA
460890,Drama,2017,NA,NA,Pierce Brosnan,Callum Turner,NA,NA,NA,NA,NA,NA,NA,NA
462335,Drama,2015,NA,NA,Jeremy Irons,Luke Evans,Tom Hiddleston,NA,NA,NA,NA,NA,NA,NA
464054,Horror,Thriller,2014,NA,Jonathan Mangum,James Aaron Oliver,NA,NA,NA,NA,NA,NA,NA,NA
470752,Drama,Mystery,Sci-Fi,2014,Domhnall Gleeson,Oscar Isaac,NA,NA,NA,NA,NA,NA,NA,NA
470936,Drama,2016,NA,NA,Ashot Adamyan,Karen Dzhanibekyan,Hrachya Harutyunyan,NA,NA,NA,NA,NA,NA,NA
473032,Comedy,Fantasy,2018,NA,Adam Meir,Mark Gilvary,NA,NA,NA,NA,NA,NA,NA,NA
475290,Comedy,Mystery,2016,NA,George Clooney,Josh Brolin,Ralph Fiennes,Alden Ehrenreich,NA,NA,NA,NA,NA,NA
478970,Action,Adventure,Comedy,2015,Paul Rudd,Corey Stoll,Michael Douglas,NA,NA,NA,NA,NA,NA,NA
490215,Adventure,Drama,History,2016,Liam Neeson,Adam Driver,Andrew Garfield,Tadanobu Asano,NA,NA,NA,NA,NA,NA
491175,Crime,Drama,Mystery,2017,Noah Jupe,Matt Damon,Oscar Isaac,NA,NA,NA,NA,NA,NA,NA
491203,Drama,Romance,2017,NA,Dane DeHaan,Jack O'Connell,NA,NA,NA,NA,NA,NA,NA,NA
493076,Biography,Drama,Music,2016,Kevin Mambo,Ronald Guttman,David Oyelowo,NA,NA,NA,NA,NA,NA,NA
493405,Action,Comedy,Crime,2017,Vincent D'Onofrio,Dax Shepard,Michael Pea,NA,NA,NA,NA,NA,NA,NA
494276,Comedy,Sci-Fi,2016,NA,Valerie Berkshire,John Astin,Brian Amz,NA,NA,NA,NA,NA,NA,NA
498351,Animation,Family,2014,NA,Owen Wilson,Wayne Brady,NA,NA,NA,NA,NA,NA,NA,NA
498381,Drama,Horror,2017,NA,Alex Roe,Johnny Galecki,Vincent D'Onofrio,NA,NA,NA,NA,NA,NA,NA
765453,Comedy,2016,NA,NA,Joey Cummings,Ty Paige,Clarence Phillpot,NA,NA,NA,NA,NA,NA,NA
772175,Action,Thriller,2014,NA,Christopher Mann,Bo Svenson,Sal Mazzotta,NA,NA,NA,NA,NA,NA,NA
775440,Action,Drama,Horror,2016,Samuel L. Jackson,John Cusack,NA,NA,NA,NA,NA,NA,NA,NA
780548,Biography,Comedy,Crime,2014,Aaron Yoo,Ron Perlman,Kenny Wormald,Jonathan Daniel Brown,NA,NA,NA,NA,NA,NA
783640,Drama,War,2018,NA,Christopher Plummer,Samuel L. Jackson,Bradley Whitford,Sebastian Stan,NA,NA,NA,NA,NA,NA
787474,Adventure,Animation,Comedy,2014,Ben Kingsley,Nick Frost,Jared Harris,Richard Ayoade,NA,NA,NA,NA,NA,NA
787524,Biography,Drama,2015,NA,Raghuvir Joshi,Jeremy Irons,Malcolm Sinclair,Dev Patel,NA,NA,NA,NA,NA,NA
790770,Biography,Drama,Music,2015,Ewan McGregor,Don Cheadle,Michael Stuhlbarg,NA,NA,NA,NA,NA,NA,NA
803096,Action,Adventure,Fantasy,2016,Ben Foster,Dominic Cooper,Travis Fimmel,NA,NA,NA,NA,NA,NA,NA
808189,Action,Drama,Family,2018,Louis Gossett Jr.,NA,NA,NA,NA,NA,NA,NA,NA,NA
810819,Biography,Drama,History,2015,Ben Whishaw,Eddie Redmayne,NA,NA,NA,NA,NA,NA,NA,NA
816692,Adventure,Drama,Sci-Fi,2014,Matthew McConaughey,NA,NA,NA,NA,NA,NA,NA,NA,NA
821486,Comedy,Music,Romance,2016,Chris Elwood,NA,NA,NA,NA,NA,NA,NA,NA,NA
824755,Comedy,2018,NA,NA,David Tennant,NA,NA,NA,NA,NA,NA,NA,NA,NA
825283,Action,Adventure,Comedy,2016,Luke Gregory Crosby,Patrick Johnson,NA,NA,NA,NA,NA,NA,NA,NA
829150,Action,Drama,Fantasy,2014,Dominic Cooper,Luke Evans,Art Parkinson,NA,NA,NA,NA,NA,NA,NA
831387,Action,Adventure,Sci-Fi,2014,Bryan Cranston,Ken Watanabe,Aaron Taylor Johnson,NA,NA,NA,NA,NA,NA,NA
835775,Action,Biography,Crime,2014,Jim Sturgess,NA,NA,NA,NA,NA,NA,NA,NA,NA
835802,Comedy,Drama,2018,NA,Grant Gustin,William Fichtner,Nick Robinson,NA,NA,NA,NA,NA,NA,NA
837156,Adventure,Comedy,2016,NA,Doug Cox,Jordan Black,Paul Reubens,NA,NA,NA,NA,NA,NA,NA
838194,Comedy,Drama,War,2016,Geoffrey Lewis,Branden Williams,Charlie Talbert,Richard Roundtree,NA,NA,NA,NA,NA,NA
839742,Drama,History,2014,NA,Martin Sheen,Kal Penn,NA,NA,NA,NA,NA,NA,NA,NA
848554,Horror,Sci-Fi,Thriller,2016,Adam Pitman,Gill Gayle,Nathaniel Peterson,Kent Harper,NA,NA,NA,NA,NA,NA
849437,Action,Drama,Sport,2018,Quinton 'Rampage' Jackson,Isaac C. Singleton Jr.,Hector Echavarria,Cary Hiroyuki Tagawa,NA,NA,NA,NA,NA,NA
850678,Romance,2015,NA,NA,Jeff Bredt,Matthew O. Sloan,NA,NA,NA,NA,NA,NA,NA,NA
859635,Comedy,Crime,Mystery,2018,Rob Lowe,Brian Cox,NA,NA,NA,NA,NA,NA,NA,NA
862748,Action,Adventure,Comedy,2014,Shun Oguri,Tetsuji Tamayama,G Ayano,Jerry Yan,NA,NA,NA,NA,NA,NA
864835,Adventure,Animation,Comedy,2014,Max Charles,Ty Burrell,Stephen Colbert,NA,NA,NA,NA,NA,NA,NA
874268,Drama,Thriller,2017,NA,Steven Berkoff,David Arrow,NA,NA,NA,NA,NA,NA,NA,NA
884732,Comedy,2015,NA,NA,Josh Gad,Affion Crockett,Kevin Hart,NA,NA,NA,NA,NA,NA,NA
892062,Animation,Comedy,Fantasy,2014,Andrew Swant,Robert Richard Jorge,Bobby Ciraldo,Dustin Diamond,NA,NA,NA,NA,NA,NA
900387,Drama,Romance,War,2014,Eric Godon,NA,NA,NA,NA,NA,NA,NA,NA,NA
903657,Biography,Drama,Music,2014,Paul Giamatti,Paul Dano,John Cusack,NA,NA,NA,NA,NA,NA,NA
906327,Comedy,2016,NA,NA,Rob G. Kahn,William Forsythe,Matthew Ashford,NA,NA,NA,NA,NA,NA,NA
910885,Comedy,2014,NA,NA,Joel McHale,Oliver Platt,Clark Duke,NA,NA,NA,NA,NA,NA,NA
918520,Drama,Thriller,2016,NA,Andrew Alexander,Dean Allum,NA,NA,NA,NA,NA,NA,NA,NA
918940,Action,Adventure,Drama,2016,Rory J. Saper,Christian Stevens,Alexander Skarsgrd,Christoph Waltz,NA,NA,NA,NA,NA,NA
920462,Drama,Thriller,2018,NA,Peter Mark Kendall,NA,NA,NA,NA,NA,NA,NA,NA,NA
926132,Action,Adventure,Thriller,2016,Chris Blasman,Michael Buffo,Sean Gray,NA,NA,NA,NA,NA,NA,NA
932667,Drama,2016,NA,NA,Brandon Ratcliff,Ernie Hudson,NA,NA,NA,NA,NA,NA,NA,NA
937225,Comedy,2017,NA,NA,John Ducey,John Bobek,Greg Lindsay,NA,NA,NA,NA,NA,NA,NA
949872,Drama,2014,NA,NA,Caspar Zafer,James Oliver Wheatley,Donald Standen,NA,NA,NA,NA,NA,NA,NA
959306,Drama,2014,NA,NA,Thomas Jane,Kevin Connolly,NA,NA,NA,NA,NA,NA,NA,NA
961036,Drama,2014,NA,NA,Michael Vincent Carrera,Chris Benton,Aaron Aguilera,Mark Arnold,NA,NA,NA,NA,NA,NA
974015,Action,Adventure,Fantasy,2017,Jason Momoa,Ezra Miller,Ben Affleck,NA,NA,NA,NA,NA,NA,NA
977643,Drama,Musical,Romance,2015,Sudhanshu Pandey,Vinod Khanna,Vikas Bhalla,Mohnish Bahl,NA,NA,NA,NA,NA,NA
995868,Biography,Drama,Sport,2016,Vincent D'Onofrio,Rodrigo Santoro,Diego Boneta,Seu Jorge,NA,NA,NA,NA,NA,NA
996664,Comedy,2014,NA,NA,Brian Thompson,Ian Patrick Williams,NA,NA,NA,NA,NA,NA,NA,NA
996976,Animation,2014,NA,NA,Eddie Griffin,Ernest Thomas,Daniel Curtis Lee,NA,NA,NA,NA,NA,NA,NA
1002563,Drama,Fantasy,2016,NA,Sean Bean,Vincent Walsh,Adam Greaves Neal,NA,NA,NA,NA,NA,NA,NA
1014763,Crime,Drama,Thriller,2015,Gary Oldman,Joel Kinnaman,Tom Hardy,NA,NA,NA,NA,NA,NA,NA
1014794,Comedy,2014,NA,NA,Robert W. Boelio,Mark Bate,Rich Bianco,NA,NA,NA,NA,NA,NA,NA
1018765,Comedy,Drama,2015,NA,Joaquim de Almeida,Anthony Mackie,Billy Bob Thornton,NA,NA,NA,NA,NA,NA,NA
1020072,Biography,Drama,History,2014,Tim Roth,David Oyelowo,NA,NA,NA,NA,NA,NA,NA,NA
1020982,Comedy,2014,NA,NA,Matthew Kevin Anderson,Scott Deckert,NA,NA,NA,NA,NA,NA,NA,NA
1022871,Thriller,2015,NA,NA,Nick Fenske,Tom Hart,Michael Sorensen,John Douglas Ayers,NA,NA,NA,NA,NA,NA
1024855,Action,Thriller,2017,NA,Mem Ferda,Nick Moran,Craig Fairbrass,James Cosmo,NA,NA,NA,NA,NA,NA
1024863,Action,Drama,Western,2018,Thadd Turner,Ryan Merriman,Tommy Dippel,Buck Taylor,NA,NA,NA,NA,NA,NA
1029360,Horror,Thriller,2015,NA,Sam Rockwell,NA,NA,NA,NA,NA,NA,NA,NA,NA
1031658,Drama,2014,NA,NA,Matthew Gray Gubler,Brendan Sexton III,Stevie Long,NA,NA,NA,NA,NA,NA,NA
1034385,Adventure,Horror,Sci-Fi,2017,Winslow M. Iwaki,Ray Stevenson,David Oakes,NA,NA,NA,NA,NA,NA,NA
1043726,Action,Adventure,Fantasy,2014,Scott Adkins,Kellan Lutz,NA,NA,NA,NA,NA,NA,NA,NA
1043836,Action,Adventure,Drama,2018,Liam James,Jim Byrnes,NA,NA,NA,NA,NA,NA,NA,NA
1051229,Drama,2017,NA,NA,Rolando Millet,Michael Addison,Nayan Raina,Leo Vargas,NA,NA,NA,NA,NA,NA
1051904,Adventure,Comedy,Family,2015,Ryan Lee,Jack Black,Dylan Minnette,NA,NA,NA,NA,NA,NA,NA
1065073,Drama,2014,NA,NA,Ellar Coltrane,Elijah Smith,Ethan Hawke,NA,NA,NA,NA,NA,NA,NA
1072748,Biography,Fantasy,Horror,2018,Finn Scicluna O'Prey,Jason Clarke,NA,NA,NA,NA,NA,NA,NA,NA
1078896,Horror,Thriller,2016,NA,Roberto 'Sanz' Sanchez,Kent Victor Schuelke,NA,NA,NA,NA,NA,NA,NA,NA
1082807,Action,Horror,Thriller,2016,Tony Goldwyn,John Gallagher Jr.,John C. McGinley,NA,NA,NA,NA,NA,NA,NA
1083452,Biography,Comedy,Drama,2016,Tom Costello,Taron Egerton,Hugh Jackman,NA,NA,NA,NA,NA,NA,NA
1084958,Action,Drama,Fantasy,2017,Max Ryan,Martin Klebba,Steven Berkoff,Ralf Moeller,NA,NA,NA,NA,NA,NA
1085492,Action,Thriller,2014,NA,Jason Patric,John Cusack,Bruce Willis,NA,NA,NA,NA,NA,NA,NA
1086772,Comedy,Romance,2014,NA,Kevin Nealon,Adam Sandler,NA,NA,NA,NA,NA,NA,NA,NA
1090693,Comedy,Drama,2015,NA,Alex Barbatsis,Wes Tank,NA,NA,NA,NA,NA,NA,NA,NA
1091212,Crime,Drama,2016,NA,Gianmarco Tognazzi,Luca Lionello,Luigi Maria Burruano,Stephen Badalamenti,NA,NA,NA,NA,NA,NA
1096999,Documentary,2014,NA,NA,Dante E. Clark,NA,NA,NA,NA,NA,NA,NA,NA,NA
1099209,Drama,2018,NA,NA,Monte Markham,Franco Nero,NA,NA,NA,NA,NA,NA,NA,NA
1100089,Biography,Drama,Sport,2014,Mark Ruffalo,Steve Carell,Channing Tatum,NA,NA,NA,NA,NA,NA,NA
1103274,Drama,2014,NA,NA,R. Keith Harris,Burgess Jenkins,Brad Yoder,NA,NA,NA,NA,NA,NA,NA
1105355,Comedy,Drama,Family,2015,Anjul Nigam,Jason Lee,NA,NA,NA,NA,NA,NA,NA,NA
1107262,Crime,Drama,Thriller,2017,Seth Peterson,Eric Roberts,Michael Mili,Brett Rice,NA,NA,NA,NA,NA,NA
1109624,Adventure,Animation,Comedy,2014,Jim Broadbent,Hugh Bonneville,NA,NA,NA,NA,NA,NA,NA,NA
1114732,Thriller,2015,NA,NA,Giorgio Lupano,Vincenzo Amato,NA,NA,NA,NA,NA,NA,NA,NA
1121096,Action,Adventure,Fantasy,2014,Ben Barnes,Jeff Bridges,NA,NA,NA,NA,NA,NA,NA,NA
1124037,Action,Biography,Drama,2016,Matthew McConaughey,Mahershala Ali,NA,NA,NA,NA,NA,NA,NA,NA
1125931,Comedy,Drama,2015,NA,John Amos,NA,NA,NA,NA,NA,NA,NA,NA,NA
1126590,Biography,Crime,Drama,2014,Christoph Waltz,Danny Huston,NA,NA,NA,NA,NA,NA,NA,NA
1131724,Thriller,2017,NA,NA,Sam Reid,Michiel Huisman,NA,NA,NA,NA,NA,NA,NA,NA
1131728,Comedy,Musical,Romance,2017,Utkarsh Ambudkar,Saahil Sehgal,Scott Bakula,NA,NA,NA,NA,NA,NA,NA
1133511,Drama,2014,NA,NA,John Savage,Rade Serbedzija,NA,NA,NA,NA,NA,NA,NA,NA
1134666,Animation,2014,NA,NA,Joey D. Vieira,R. Martin Klein,NA,NA,NA,NA,NA,NA,NA,NA
1135989,Biography,Drama,Mystery,2015,Amir Tessler,Moni Moshonov,Gilad Kahana,NA,NA,NA,NA,NA,NA,NA
1136822,Action,Comedy,Romance,2016,Eric Roberts,Sala Baker,NA,NA,NA,NA,NA,NA,NA,NA
1137450,Action,Crime,Drama,2018,Bruce Willis,Vincent D'Onofrio,NA,NA,NA,NA,NA,NA,NA,NA
1137470,Comedy,Romance,2015,NA,Raymond L. Brown Jr.,NA,NA,NA,NA,NA,NA,NA,NA,NA
1139592,Horror,Mystery,Thriller,2017,Brandon Smith,Stan Shaw,NA,NA,NA,NA,NA,NA,NA,NA
1141637,Action,Drama,Thriller,2017,James Moses Black,Max Ryan,NA,NA,NA,NA,NA,NA,NA,NA
1141702,Drama,2014,NA,NA,Peter Vack,NA,NA,NA,NA,NA,NA,NA,NA,NA
1142985,Comedy,Drama,2016,NA,Jeff Kober,Michael Piccirilli,Jackson Davis,NA,NA,NA,NA,NA,NA,NA
1146918,Comedy,2018,NA,NA,Jesse Barksdale,John Jordan Anderson,John J. Anderson,NA,NA,NA,NA,NA,NA,NA
1147681,Drama,Mystery,2014,NA,John Doman,Pablo Schreiber,NA,NA,NA,NA,NA,NA,NA,NA
1148205,Biography,Drama,Sport,2016,Tom Sizemore,Paul Sorvino,Joe Mantegna,William Forsythe,NA,NA,NA,NA,NA,NA
1151925,Family,2015,NA,NA,Kadeem Hardison,NA,NA,NA,NA,NA,NA,NA,NA,NA
1161457,Action,Adventure,Sci-Fi,2016,Michael Fallon,Dave Vescio,Daz Crawford,Ben Seton,Gil Navarra,Jesse Wang,NA,NA,NA,NA
1167611,Crime,Drama,2015,NA,Alessandro Borghi,Luca Marinelli,NA,NA,NA,NA,NA,NA,NA,NA
1170380,Crime,Sport,Thriller,2014,Shawn Dou,Kim Junho,Ashton Chen,NA,NA,NA,NA,NA,NA,NA
1172049,Comedy,Drama,2015,NA,Judah Lewis,Chris Cooper,Jake Gyllenhaal,NA,NA,NA,NA,NA,NA,NA
1178665,Adventure,Biography,Comedy,2015,Robert Redford,Nick Nolte,NA,NA,NA,NA,NA,NA,NA,NA
1179031,Crime,Thriller,2014,NA,Sam Shepard,Don Johnson,Michael C. Hall,NA,NA,NA,NA,NA,NA,NA
1179933,Drama,Horror,Mystery,2016,Douglas M. Griffin,John Goodman,John Gallagher Jr.,NA,NA,NA,NA,NA,NA,NA
1180316,Comedy,Drama,2014,NA,Pter Rudolf,Balzs Galk,Nicolas Sipek,NA,NA,NA,NA,NA,NA,NA
1183352,Adventure,Animation,2017,NA,Damin Alczar,Hctor Bonilla,Silverio Palacios,NA,NA,NA,NA,NA,NA,NA
1183374,Horror,Thriller,2016,NA,Dominic Monaghan,Da'Vone McDonald,NA,NA,NA,NA,NA,NA,NA,NA
1188982,Action,Drama,2014,NA,Danny Denzongpa,Salman Khan,NA,NA,NA,NA,NA,NA,NA,NA
1193621,Comedy,2015,NA,NA,Nick Leonti,Aaron Daley,NA,NA,NA,NA,NA,NA,NA,NA
1194627,Documentary,History,Music,2015,William Green Jr.,Mr. Freeze,Don Campbell,Paul Guzman Sanchez,NA,NA,NA,NA,NA,NA
1196939,Drama,Fantasy,Mystery,2015,David J. Keogh,Darren Darnborough,Chris Rankin,NA,NA,NA,NA,NA,NA,NA
1198156,Drama,2014,NA,NA,Josh Duhamel,NA,NA,NA,NA,NA,NA,NA,NA,NA
1198336,Comedy,Drama,2014,NA,Volker Bruch,Andreas Giebel,NA,NA,NA,NA,NA,NA,NA,NA
1204947,Horror,2018,NA,NA,Jon Lee Brody,NA,NA,NA,NA,NA,NA,NA,NA,NA
1204977,Horror,Thriller,2014,NA,Daren Kagasoff,NA,NA,NA,NA,NA,NA,NA,NA,NA
1205537,Action,Drama,Thriller,2014,Kevin Costner,Kenneth Branagh,Chris Pine,NA,NA,NA,NA,NA,NA,NA
1211837,Action,Adventure,Fantasy,2016,Chiwetel Ejiofor,Benedict Wong,Benedict Cumberbatch,NA,NA,NA,NA,NA,NA,NA
1212054,Adventure,2014,NA,NA,Brad Johnson,Jarrod Phillips,NA,NA,NA,NA,NA,NA,NA,NA
1212428,Adventure,Biography,Drama,2016,Charlie Hunnam,Robert Pattinson,Tom Holland,NA,NA,NA,NA,NA,NA,NA
1213583,Action,Adventure,History,2018,John Rhys Davies,NA,NA,NA,NA,NA,NA,NA,NA,NA
1213641,Biography,Drama,History,2018,Ryan Gosling,Jon Bernthal,Pablo Schreiber,NA,NA,NA,NA,NA,NA,NA
1213642,Documentary,Drama,Family,2014,Jacques Buckingham,Ernie Rivera,G. Lane Hillman,NA,NA,NA,NA,NA,NA,NA
1216491,Biography,Crime,Drama,2014,Robert Patrick,Robert Pralgo,Jeremy Renner,NA,NA,NA,NA,NA,NA,NA
1219827,Action,Crime,Drama,2017,Pilou Asbk,Takeshi Kitano,NA,NA,NA,NA,NA,NA,NA,NA
1220911,Adventure,Animation,Comedy,2015,Jamel Debbouze,Patrice Thibaud,Ari Elmaleh,NA,NA,NA,NA,NA,NA,NA
1224378,Adventure,Fantasy,Mystery,2014,Andrey Smolyakov,Aleksey Chadov,Jason Flemyng,NA,NA,NA,NA,NA,NA,NA
1225834,Drama,Music,Musical,2014,Cary Hiroyuki Tagawa,Lil' Fizz,J Boog,NA,NA,NA,NA,NA,NA,NA
1225856,Drama,Thriller,2017,NA,Gary Swanson,Ian Temple,Ron Haxton,NA,NA,NA,NA,NA,NA,NA
1226736,Adventure,Drama,2017,NA,Mohd Hamdan Ali,Edward Austin,Baharum Abdu,David Abrams,NA,NA,NA,NA,NA,NA
1226837,Drama,2018,NA,NA,Timothe Chalamet,Steve Carell,Christian Convery,NA,NA,NA,NA,NA,NA,NA
1227183,Adventure,Drama,Family,2016,Andrew Scott,Rafe Spall,NA,NA,NA,NA,NA,NA,NA,NA
1227928,Comedy,Romance,2014,NA,Joey Lanai,Ky Evans,NA,NA,NA,NA,NA,NA,NA,NA
1230168,Drama,2017,NA,NA,Djimon Hounsou,Greg Kinnear,Jon Voight,NA,NA,NA,NA,NA,NA,NA
1230213,Horror,Thriller,2015,NA,Richard Tyson,Kristoffer Kjornes,NA,NA,NA,NA,NA,NA,NA,NA
1230522,Animation,Biography,Drama,2018,Brian Blessed,Toby Kebbell,NA,NA,NA,NA,NA,NA,NA,NA
1232828,Action,Drama,Thriller,2015,John Amos,Emilio Rivera,Tai Carlton,NA,NA,NA,NA,NA,NA,NA
1234721,Action,Crime,Sci-Fi,2014,Joel Kinnaman,Michael Keaton,Gary Oldman,NA,NA,NA,NA,NA,NA,NA
1234927,Thriller,2017,NA,NA,Martin Kove,Booboo Stewart,Brian Thompson,NA,NA,NA,NA,NA,NA,NA
1235187,Drama,Romance,War,2018,Christopher Eccleston,George MacKay,NA,NA,NA,NA,NA,NA,NA,NA
1235192,Comedy,Drama,Musical,2016,Gary Busey,Lawrence Abrams,Arson,NA,NA,NA,NA,NA,NA,NA
1235203,Adventure,Drama,Fantasy,2015,John Gross,Paul Supplee,Sergio Togliatti,NA,NA,NA,NA,NA,NA,NA
1236254,Action,Horror,Thriller,2015,Zane Holtz,Glen Powell,Rudy Youngblood,NA,NA,NA,NA,NA,NA,NA
1237836,Action,Romance,Sci-Fi,2016,Don Lee,NA,NA,NA,NA,NA,NA,NA,NA,NA
1238846,Drama,2015,NA,NA,Brett Rice,Tony Lewis Centore,NA,NA,NA,NA,NA,NA,NA,NA
1239242,Comedy,2015,NA,NA,Oliver Platt,Johnny Simmons,NA,NA,NA,NA,NA,NA,NA,NA
1241226,Thriller,2014,NA,NA,Jon Polito,Steve Eastin,Ricky Schroder,Victor Campos,NA,NA,NA,NA,NA,NA
1241317,Adventure,Crime,Drama,2017,Shea Whigham,Lakeith Stanfield,Nat Wolff,NA,NA,NA,NA,NA,NA,NA
1243974,Comedy,Drama,Romance,2015,Bradley Cooper,Alec Baldwin,NA,NA,NA,NA,NA,NA,NA,NA
1247690,Drama,Romance,2014,NA,Toby Jones,Bradley Cooper,Rhys Ifans,NA,NA,NA,NA,NA,NA,NA
1249439,Thriller,2018,NA,NA,Brian Kimmet,Brian T. Finney,Aaron Perilo,NA,NA,NA,NA,NA,NA,NA
1253863,Action,Fantasy,2014,NA,Hans Matheson,Sullivan Stapleton,NA,NA,NA,NA,NA,NA,NA,NA
1254322,Biography,Drama,History,2015,Lucas Bryant,Michael Nyqvist,NA,NA,NA,NA,NA,NA,NA,NA
1255919,Adventure,Comedy,Mystery,2018,John C. Reilly,Will Ferrell,Ralph Fiennes,Noah Jupe,NA,NA,NA,NA,NA,NA
1259528,Action,Crime,Drama,2018,Gerard Butler,50 Cent,Pablo Schreiber,O'Shea Jackson Jr.,NA,NA,NA,NA,NA,NA
1262914,Drama,2017,NA,NA,Ruben Rabasa,Steven Bauer,NA,NA,NA,NA,NA,NA,NA,NA
1267297,Action,Adventure,Fantasy,2014,Ian McShane,John Hurt,Dwayne Johnson,Joseph Fiennes,NA,NA,NA,NA,NA,NA
1270087,Horror,Mystery,Thriller,2014,Chris Cusano,NA,NA,NA,NA,NA,NA,NA,NA,NA
1270114,Action,Drama,War,2014,Timothy S. Shoemaker,Adam Gregory,Michael Todd Behrens,Christoph Malzl,NA,NA,NA,NA,NA,NA
1270797,Action,Horror,Sci-Fi,2018,Tom Hardy,Tom Holland,NA,NA,NA,NA,NA,NA,NA,NA
1272039,Comedy,2014,NA,NA,Fausto Mata,Miguel Alcantara,Phillip Rodrguez,Joendy Pena Brown,NA,NA,NA,NA,NA,NA
1273219,Comedy,2016,NA,NA,Dennis Hopper,Donnell Rawlings,Chris Kattan,NA,NA,NA,NA,NA,NA,NA
1273221,Crime,Mystery,Thriller,2018,Jason Isaacs,NA,NA,NA,NA,NA,NA,NA,NA,NA
1274586,Drama,Thriller,2014,NA,Alexander Karim,Anton Yelchin,Nicolas Cage,NA,NA,NA,NA,NA,NA,NA
1276953,Comedy,Crime,Drama,2015,Aaron Kissinger,Kim Woods,Mark Donnell,Ian Reed Kesler,NA,NA,NA,NA,NA,NA
1284451,Action,Comedy,2017,NA,Jun Ishikawa,Katsuo Kawai,Hideo Funahashi,Yji Shimada,Tadashi Morita,Ken Naito,NA,NA,NA,NA
1285009,Horror,2018,NA,NA,Martin Henderson,Lewis Pullman,NA,NA,NA,NA,NA,NA,NA,NA
1285305,Animation,2018,NA,NA,Peter Stormare,Roger Moore,James Arnold Taylor,NA,NA,NA,NA,NA,NA,NA
1289403,Drama,History,Romance,2018,Michiel Huisman,Matthew Goode,NA,NA,NA,NA,NA,NA,NA,NA
1290138,Crime,Drama,Mystery,2016,Michael Shannon,Justin Long,NA,NA,NA,NA,NA,NA,NA,NA
1290393,Animation,2014,NA,NA,Jeffrey Tambor,Brad Garrett,NA,NA,NA,NA,NA,NA,NA,NA
1290475,Crime,Drama,Thriller,2014,John Azpilicueta,Bless May,Jacob Martinez,Pablo Santiago,NA,NA,NA,NA,NA,NA
1291150,Action,Adventure,Comedy,2014,Noel Fisher,Will Arnett,William Fichtner,NA,NA,NA,NA,NA,NA,NA
1291566,Drama,Mystery,2017,NA,Logan Lerman,NA,NA,NA,NA,NA,NA,NA,NA,NA
1291570,Crime,Drama,Mystery,2015,Colin Farrell,Jeffrey Dean Morgan,Anthony Hopkins,NA,NA,NA,NA,NA,NA,NA
1293805,Action,Drama,Thriller,2015,Mesindo Pompa,James Duval,Luis Villafranca,Austin Anderson,NA,NA,NA,NA,NA,NA
1293847,Action,Adventure,Thriller,2017,Donnie Yen,Kris Wu,Vin Diesel,NA,NA,NA,NA,NA,NA,NA
1294970,Comedy,Drama,2014,NA,Robin Williams,Peter Dinklage,NA,NA,NA,NA,NA,NA,NA,NA
1298644,Comedy,2018,NA,NA,Alex Sharp,NA,NA,NA,NA,NA,NA,NA,NA,NA
1301304,Horror,Thriller,2014,NA,Joe Estevez,Ken Arnold,NA,NA,NA,NA,NA,NA,NA,NA
1303235,Comedy,Drama,2014,NA,Sean Gullette,Eric Sweeney,NA,NA,NA,NA,NA,NA,NA,NA
1303678,Drama,Sport,2018,NA,Christopher Sean,Scott Roughgarden,Nico Lombardo,John Gearries,Roger Lim,Jon Lucero,NA,NA,NA,NA
1303871,Drama,Thriller,2016,NA,Michael Desante,Robert Miano,NA,NA,NA,NA,NA,NA,NA,NA
1305618,Drama,2014,NA,NA,Frankie Faison,Ray Wise,Nick Stahl,NA,NA,NA,NA,NA,NA,NA
1308100,Action,Animation,Sci-Fi,2018,Robert Broski,Mike Russo,Stephen Joshua Thompson,Montague Jacques Fromage,NA,NA,NA,NA,NA,NA
1308728,Comedy,Crime,Mystery,2018,Joel McHale,NA,NA,NA,NA,NA,NA,NA,NA,NA
1309187,Comedy,Sci-Fi,2014,NA,Dan Billet,NA,NA,NA,NA,NA,NA,NA,NA,NA
1309366,Comedy,2014,NA,NA,Ed Quinn,Edward Asner,NA,NA,NA,NA,NA,NA,NA,NA
1309379,Comedy,Fantasy,Romance,2015,Stacy Keach,Sean Kleier,NA,NA,NA,NA,NA,NA,NA,NA
1312233,Crime,Horror,Mystery,2017,Ryan Matthew Jones,Joseph Eid,NA,NA,NA,NA,NA,NA,NA,NA
1312235,Comedy,Drama,Musical,2015,John Patrick Jordan,Michael Copon,NA,NA,NA,NA,NA,NA,NA,NA
1316541,Adventure,Drama,2016,NA,Joshua Osei,Reece Noi,David Leon,NA,NA,NA,NA,NA,NA,NA
1318517,Adventure,Sci-Fi,2018,NA,Adam Driver,Stellan Skarsgrd,Jonathan Pryce,NA,NA,NA,NA,NA,NA,NA
1319706,Comedy,Drama,Family,2016,Nils Hognestad,Cameron Anderson,Brian Jackson,NA,NA,NA,NA,NA,NA,NA
1319734,Adventure,Drama,Romance,2014,Joe Estevez,Michael Welch,Matt Bushell,NA,NA,NA,NA,NA,NA,NA
1320115,Action,Drama,2014,NA,Nikola Rakocevic,Adrian Eli,Boris Isakovic,NA,NA,NA,NA,NA,NA,NA
1321390,Action,Crime,Drama,2015,Ryan Dunlap,Doug Jones,Tim Russ,NA,NA,NA,NA,NA,NA,NA
1322393,Drama,2015,NA,NA,Kevin Downes,David A.R. White,Stephen Baldwin,NA,NA,NA,NA,NA,NA,NA
1326190,Sci-Fi,2015,NA,NA,Jai Johnston,David John Burke,Wallace Dorian,Chris Harper,Travon L. Collins,J.P. Edwards,NA,NA,NA,NA
1327601,Drama,Horror,Mystery,2014,James Patrick Stuart,Julian Morris,NA,NA,NA,NA,NA,NA,NA,NA
1329350,Action,Fantasy,Sci-Fi,2018,Mark Steven Grove,Trygve Lode,NA,NA,NA,NA,NA,NA,NA,NA
1330018,Drama,2016,NA,NA,Jason Sudeikis,NA,NA,NA,NA,NA,NA,NA,NA,NA
1331087,Horror,Mystery,Thriller,2016,Patrick Joseph Connolly,James Gaudioso,NA,NA,NA,NA,NA,NA,NA,NA
1334558,Horror,2014,NA,NA,Matthew Currie Holmes,NA,NA,NA,NA,NA,NA,NA,NA,NA
1337180,Adventure,Mystery,Romance,2018,Mario M. Milano,Todd Lawrence,Ricardo Santos Asaza,Claudio Ayres Da Motta,NA,NA,NA,NA,NA,NA
1338635,Horror,2017,NA,NA,Travis Boswell,Ben Gordon,NA,NA,NA,NA,NA,NA,NA,NA
1339200,Drama,2015,NA,NA,John Bluethner,Tom Keenan,NA,NA,NA,NA,NA,NA,NA,NA
1339444,Comedy,Family,2016,NA,Evan T Hall,Michael Ketzner,NA,NA,NA,NA,NA,NA,NA,NA
1339660,Biography,Documentary,War,2016,Tom Hanks,NA,NA,NA,NA,NA,NA,NA,NA,NA
1340138,Action,Adventure,Sci-Fi,2015,Arnold Schwarzenegger,Jai Courtney,Jason Clarke,NA,NA,NA,NA,NA,NA,NA
1340697,Drama,2016,NA,NA,Matt Ritchey,Michael Onofri,NA,NA,NA,NA,NA,NA,NA,NA
1341704,Documentary,2015,NA,NA,2004 Olympic Water Polo Team,2008 Olympic Water Polo Team,1996 Olympic Water Polo Team,NA,NA,NA,NA,NA,NA,NA
1341720,Drama,2014,NA,NA,James Rodriguez,Aaron Robinson,Steve Parlavecchio,NA,NA,NA,NA,NA,NA,NA
1344612,Comedy,Drama,Mystery,2016,Robert C. Jolley Jr.,Mike Stanley,NA,NA,NA,NA,NA,NA,NA,NA
1346261,Comedy,Musical,Romance,2018,Diganth,Bharath Kumar,NA,NA,NA,NA,NA,NA,NA,NA
1349645,Documentary,2016,NA,NA,Larry Hagman,Christina de Limur,NA,NA,NA,NA,NA,NA,NA,NA
1352393,Biography,Drama,2016,NA,Erroll Shand,NA,NA,NA,NA,NA,NA,NA,NA,NA
1352771,Comedy,Drama,Romance,2017,Richard Riehle,Shawn Pyfrom,Kevin G. Schmidt,NA,NA,NA,NA,NA,NA,NA
1354077,Sci-Fi,2014,NA,NA,Carlos Etzio Roman,Brandon DeGroat,Kevin Troy,NA,NA,NA,NA,NA,NA,NA
1355630,Drama,Fantasy,Music,2014,Jamie Blackley,Joshua Leonard,NA,NA,NA,NA,NA,NA,NA,NA
1355631,Biography,Crime,Drama,2016,John Leguizamo,Bryan Cranston,NA,NA,NA,NA,NA,NA,NA,NA
1355644,Drama,Sci-Fi,Thriller,2016,Michael Sheen,Chris Pratt,Laurence Fishburne,NA,NA,NA,NA,NA,NA,NA
1355683,Biography,Crime,Drama,2015,Benedict Cumberbatch,Joel Edgerton,Johnny Depp,NA,NA,NA,NA,NA,NA,NA
1361318,Action,Crime,Thriller,2014,Omar Sy,Tom Wilkinson,James Franco,NA,NA,NA,NA,NA,NA,NA
1363134,Action,Thriller,2015,NA,Sebastian Siegel,Lochlyn Munro,Igor Jijikine,William McNamara,NA,NA,NA,NA,NA,NA
1365050,Drama,War,2015,NA,Emmanuel Affadzi,Abraham Attah,Andrew Adote,Ricky Adelayitor,NA,NA,NA,NA,NA,NA
1365464,Crime,Drama,2018,NA,Miguel Molina,Roger Pera,Jos Mara Blanco,Manuel Galiana,NA,NA,NA,NA,NA,NA
1365519,Action,Adventure,2018,NA,Walton Goggins,NA,NA,NA,NA,NA,NA,NA,NA,NA
1366338,Adventure,Crime,Drama,2016,Theo Rossi,Gabriel Chavarria,Tony Revolori,Demin Bichir,NA,NA,NA,NA,NA,NA
1369571,Horror,Thriller,2018,NA,Eoin Macken,Bill Moseley,William Forsythe,Faran Tahir,NA,NA,NA,NA,NA,NA
1369667,Drama,2015,NA,NA,Jesper Christensen,Daniel Brhl,NA,NA,NA,NA,NA,NA,NA,NA
1369697,Drama,Mystery,Romance,2014,C. Thomas Howell,Brian Krause,NA,NA,NA,NA,NA,NA,NA,NA
1371150,Comedy,Drama,2014,NA,Adam Driver,Jason Bateman,NA,NA,NA,NA,NA,NA,NA,NA
1373403,Horror,Thriller,2014,NA,Adam Brooks,Benjamin Mouton,Amin Joseph,NA,NA,NA,NA,NA,NA,NA
1374989,Action,Horror,Romance,2016,Jack Huston,Sam Riley,NA,NA,NA,NA,NA,NA,NA,NA
1379178,Crime,Drama,Horror,2017,Kyle Weir,Peter Holden,Danny Vinson,NA,NA,NA,NA,NA,NA,NA
1379712,Action,Crime,2015,NA,Mike Earp,Danny Trejo,Ed O'Ross,NA,NA,NA,NA,NA,NA,NA
1380151,Drama,Horror,Mystery,2017,Kenneth Mitchell,Gil Bellows,Don McKellar,NA,NA,NA,NA,NA,NA,NA
1381714,Comedy,2015,NA,NA,Raj Sharma,J. Mandyam,NA,NA,NA,NA,NA,NA,NA,NA
1382237,Documentary,2014,NA,NA,Christoph Zerm,NA,NA,NA,NA,NA,NA,NA,NA,NA
1382727,Adventure,Horror,Sci-Fi,2015,Philip Hurd Wood,Albert Prat,Andrs Batista,NA,NA,NA,NA,NA,NA,NA
1384925,Drama,Western,2014,NA,Gael Garca Bernal,Chico Daz,Claudio Tolcachir,Jorge Sesn,Ivn Steinhardt,NA,NA,NA,NA,NA
1385543,Horror,Thriller,2014,NA,Anthony Rey,Zack Ward,Luke Kleintank,NA,NA,NA,NA,NA,NA,NA
1386691,Crime,Drama,Mystery,2017,John Michael Higgins,Benjamin Walker,Rainn Wilson,NA,NA,NA,NA,NA,NA,NA
1386697,Action,Adventure,Fantasy,2016,Will Smith,Jared Leto,NA,NA,NA,NA,NA,NA,NA,NA
1389072,Comedy,Drama,Sci-Fi,2017,Christoph Waltz,Matt Damon,NA,NA,NA,NA,NA,NA,NA,NA
1389098,Biography,Drama,2018,NA,Matt Smith,Mark Moses,John Benjamin Hickey,NA,NA,NA,NA,NA,NA,NA
1389139,Crime,Drama,Horror,2016,Morris Chestnut,Romany Malco,Michael Kenneth Williams,NA,NA,NA,NA,NA,NA,NA
1390411,Action,Adventure,Biography,2015,Ben Whishaw,Brendan Gleeson,Chris Hemsworth,Cillian Murphy,NA,NA,NA,NA,NA,NA
1392190,Action,Adventure,Sci-Fi,2015,Nicholas Hoult,Tom Hardy,NA,NA,NA,NA,NA,NA,NA,NA
1396484,Drama,Horror,Thriller,2017,Bill Skarsgrd,Jaeden Lieberher,Finn Wolfhard,NA,NA,NA,NA,NA,NA,NA
1396523,Action,Crime,Drama,2014,Kevin Wu,Harry Shum Jr.,Justin Chon,Ray Liotta,NA,NA,NA,NA,NA,NA
1398426,Biography,Drama,History,2015,Neil Brown Jr.,O'Shea Jackson Jr.,Corey Hawkins,Jason Mitchell,NA,NA,NA,NA,NA,NA
1401621,Drama,Fantasy,2016,NA,Andrew Bowen,Christopher Gorham,Julian Feder,NA,NA,NA,NA,NA,NA,NA
1402593,Drama,2016,NA,NA,Jeremy Allen White,Michael Pitt,NA,NA,NA,NA,NA,NA,NA,NA
1403241,Action,Fantasy,Horror,2014,John Pyper Ferguson,Stephen McHattie,Lucas Till,NA,NA,NA,NA,NA,NA,NA
1403862,Action,Adventure,Fantasy,2014,Patrick Stewart,Isaac C. Singleton Jr.,NA,NA,NA,NA,NA,NA,NA,NA
1405413,Drama,Horror,Sci-Fi,2014,Jeremiah Sayys,NA,NA,NA,NA,NA,NA,NA,NA,NA
1408253,Action,Comedy,Crime,2014,John Leguizamo,Kevin Hart,Ice Cube,NA,NA,NA,NA,NA,NA,NA
1411956,Drama,2016,NA,NA,David Arquette,NA,NA,NA,NA,NA,NA,NA,NA,NA
1412528,Comedy,Drama,Romance,2017,Stephen Merchant,Craig Robinson,NA,NA,NA,NA,NA,NA,NA,NA
1413492,Action,Drama,History,2018,Navid Negahban,Michael Shannon,Chris Hemsworth,Michael Pea,NA,NA,NA,NA,NA,NA
1415282,Drama,Thriller,2015,NA,Luke Sabis,Charles Gorgano,NA,NA,NA,NA,NA,NA,NA,NA
1418377,Action,Fantasy,Horror,2014,Bill Nighy,Aaron Eckhart,NA,NA,NA,NA,NA,NA,NA,NA
1418754,Crime,Thriller,2014,NA,Jamie Bamber,Gary Abrahams,Sam Parsonson,Lachy Hulme,NA,NA,NA,NA,NA,NA
1421361,Documentary,2015,NA,NA,Dhafir Harris,NA,NA,NA,NA,NA,NA,NA,NA,NA
1430612,Action,Crime,Sci-Fi,2014,Paul Walker,David Belle,RZA,Gochy Boy,NA,NA,NA,NA,NA,NA
1431045,Action,Adventure,Comedy,2016,T.J. Miller,Ryan Reynolds,Ed Skrein,NA,NA,NA,NA,NA,NA,NA
1432114,Drama,2018,NA,NA,Alexander Emmert,Kirkryan McFarland,NA,NA,NA,NA,NA,NA,NA,NA
1434446,Drama,Fantasy,Romance,2014,Andrew Church,Larry Callaghan,NA,NA,NA,NA,NA,NA,NA,NA
1437370,Comedy,2015,NA,NA,Derek North,NA,NA,NA,NA,NA,NA,NA,NA,NA
1440729,Drama,Fantasy,War,2015,Ben Soriano,Brandon Scott,Brett Koontz,Vincent Leon,Rigo Chacon Jr.,E.C. Burke,David Guilmette,NA,NA,NA
1441931,Drama,2014,NA,NA,Hugh Scully,Jay Potter,Braven R. Corby,NA,NA,NA,NA,NA,NA,NA
1441953,Biography,Drama,History,2014,Dominic West,Kit Harington,Taron Egerton,NA,NA,NA,NA,NA,NA,NA
1444257,Drama,Thriller,2014,NA,Harpert Michielsen,Juda Goslinga,NA,NA,NA,NA,NA,NA,NA,NA
1445208,Drama,2014,NA,NA,Max von Sydow,Rutger Hauer,NA,NA,NA,NA,NA,NA,NA,NA
1446113,Comedy,Romance,2016,NA,Adam Bronstein,NA,NA,NA,NA,NA,NA,NA,NA,NA
1446692,Comedy,Horror,2014,NA,Billy Garberina,Jeremy Owen,Devin O'Leary,NA,NA,NA,NA,NA,NA,NA
1449392,Crime,Drama,History,2018,Thurane AungKhin,NA,NA,NA,NA,NA,NA,NA,NA,NA
1453402,Biography,Comedy,Documentary,2014,Paul Reiser,Jay Leno,Billy Crystal,Chris Rock,NA,NA,NA,NA,NA,NA
1454700,Drama,History,Thriller,2017,Alan Collett,NA,NA,NA,NA,NA,NA,NA,NA,NA
1456606,Comedy,Drama,Fantasy,2014,Rodrigo Santoro,Basil Hoffman,NA,NA,NA,NA,NA,NA,NA,NA
1457764,Crime,Drama,2016,NA,Ryan Donowho,Brett Donowho,NA,NA,NA,NA,NA,NA,NA,NA
1458168,Adventure,Romance,War,2018,Dario Deak,NA,NA,NA,NA,NA,NA,NA,NA,NA
1458169,Action,Crime,Drama,2017,Sage Correa,Lew Temple,NA,NA,NA,NA,NA,NA,NA,NA
1460646,Crime,Drama,Mystery,2015,Vincent Pastore,NA,NA,NA,NA,NA,NA,NA,NA,NA
1460798,Animation,Family,2014,NA,Richard Gere,Chazz Palminteri,Luis Guzmn,NA,NA,NA,NA,NA,NA,NA
1461391,Documentary,Sport,2014,NA,Chuck Liddell,Cesar Gracie,NA,NA,NA,NA,NA,NA,NA,NA
1461395,Horror,2016,NA,NA,Timothy Mandala,NA,NA,NA,NA,NA,NA,NA,NA,NA
1464763,Mystery,Sci-Fi,Thriller,2018,Alexander Skarsgrd,Paul Rudd,Justin Theroux,NA,NA,NA,NA,NA,NA,NA
1466880,Fantasy,2016,NA,NA,Fab Filippo,Mitchell Nye,NA,NA,NA,NA,NA,NA,NA,NA
1468325,Drama,2014,NA,NA,Rainer Guldener,Jens Kauffmann,Maurice Engst,NA,NA,NA,NA,NA,NA,NA
1468846,Comedy,2016,NA,NA,Miles Teller,Nicholas Braun,Bryan Cranston,NA,NA,NA,NA,NA,NA,NA
1468883,Horror,2017,NA,NA,Dechen Thurman,NA,NA,NA,NA,NA,NA,NA,NA,NA
1469304,Action,Comedy,Crime,2017,Zac Efron,Dwayne Johnson,NA,NA,NA,NA,NA,NA,NA,NA
1472460,Drama,2016,NA,NA,Simon Helberg,Alfred Molina,NA,NA,NA,NA,NA,NA,NA,NA
1472584,Action,Adventure,Family,2016,Andy Garcia,Ben Winchell,Josh Brener,NA,NA,NA,NA,NA,NA,NA
1473832,Comedy,Romance,2016,NA,Jim Broadbent,NA,NA,NA,NA,NA,NA,NA,NA,NA
1474274,Sci-Fi,Thriller,2018,NA,Holt Boggs,George Katt,Mark Borkowski,NA,NA,NA,NA,NA,NA,NA
1476425,Drama,2016,NA,NA,George Katt,Waylon Payne,Peter Greene,NA,NA,NA,NA,NA,NA,NA
1477178,Crime,Drama,Thriller,2016,Blake Berris,Carmen Argenziano,NA,NA,NA,NA,NA,NA,NA,NA
1477834,Action,Adventure,Sci-Fi,2018,Willem Dafoe,Jason Momoa,NA,NA,NA,NA,NA,NA,NA,NA
1478354,Drama,2014,NA,NA,Guy Adkins,Don Scime,NA,NA,NA,NA,NA,NA,NA,NA
1478849,Thriller,2014,NA,NA,Logan Brown,Max Ingrao,Elroy Jelinek,NA,NA,NA,NA,NA,NA,NA
1479690,Animation,2016,NA,NA,Kunal Kapoor,Jimmy Shergill,Gulshan Grover,NA,NA,NA,NA,NA,NA,NA
1480285,Horror,Mystery,Thriller,2016,Joe Anderson,Dayton Callie,NA,NA,NA,NA,NA,NA,NA,NA
1482837,Crime,Drama,2015,NA,Michael Skotnik,Gunnar Fritz Stansson,L.W. Hodge,NA,NA,NA,NA,NA,NA,NA
1485796,Biography,Drama,Musical,2017,Zac Efron,Hugh Jackman,NA,NA,NA,NA,NA,NA,NA,NA
1486189,Comedy,Music,2016,NA,Vince Corazza,Clark Koelsch,Darren Dowler,Chip Bent,NA,NA,NA,NA,NA,NA
1486556,Drama,2017,NA,NA,Philip Barantini,James Cockerill,Ousman Ali,Paul Coppack,NA,NA,NA,NA,NA,NA
1489889,Action,Comedy,Crime,2016,Dwayne Johnson,Kevin Hart,NA,NA,NA,NA,NA,NA,NA,NA
1490017,Action,Adventure,Animation,2014,Chris Pratt,Will Ferrell,Will Arnett,NA,NA,NA,NA,NA,NA,NA
1490785,Biography,Drama,Music,2015,Tom Hiddleston,Bradley Whitford,NA,NA,NA,NA,NA,NA,NA,NA
1491014,Crime,Documentary,History,2014,Huey Long,NA,NA,NA,NA,NA,NA,NA,NA,NA
1492705,Comedy,Drama,2017,NA,Tony Goldwyn,NA,NA,NA,NA,NA,NA,NA,NA,NA
1494817,Action,2015,NA,NA,Jack Huang,NA,NA,NA,NA,NA,NA,NA,NA,NA
1494819,Comedy,Drama,2014,NA,Ryan G. Metzger,Cuyle Carvin,James Liebman,Hakim McMillan,NA,NA,NA,NA,NA,NA
1496035,Drama,Horror,Thriller,2014,Michael Kenneth Fahr,Cuyle Carvin,NA,NA,NA,NA,NA,NA,NA,NA
1496040,Comedy,Drama,2017,NA,Christian Keyes,Lew Temple,NA,NA,NA,NA,NA,NA,NA,NA
1496831,Crime,Drama,2014,NA,Denny Dale Bess,Mark Borkowski,Phil Hall,NA,NA,NA,NA,NA,NA,NA
1498565,Action,Adventure,Sci-Fi,2014,Aaron Krygier,Bryan Patrick Stoyle,NA,NA,NA,NA,NA,NA,NA,NA
1499683,Action,Adventure,History,2018,Dario Deak,NA,NA,NA,NA,NA,NA,NA,NA,NA
1502407,Horror,2018,NA,NA,Miles Robbins,NA,NA,NA,NA,NA,NA,NA,NA,NA
1502712,Action,Adventure,Sci-Fi,2015,Michael B. Jordan,Jamie Bell,Miles Teller,NA,NA,NA,NA,NA,NA,NA
1503790,Action,Drama,Sport,2016,Charlton Barton,Salvador Benavides,David Bickford,NA,NA,NA,NA,NA,NA,NA
1505839,Horror,2017,NA,NA,Taner Rumeli,Tolga Karel,Engin Altan Dzyatan,NA,NA,NA,NA,NA,NA,NA
1507002,Drama,2018,NA,NA,Denis O'Hare,Vincent Pastore,Joe Manganiello,NA,NA,NA,NA,NA,NA,NA
1507364,Action,Adventure,History,2018,Charles Thomas Doyle,Timothy Englert,Martin Kove,Andy Hankins,Trygve Lode,Macleish Day,NA,NA,NA,NA
1507571,Drama,2017,NA,NA,Cody Fern,Justin Kirk,NA,NA,NA,NA,NA,NA,NA,NA
1509175,Crime,Horror,Mystery,2016,Lloyd Kaufman,James Duval,NA,NA,NA,NA,NA,NA,NA,NA
1512098,Drama,2015,NA,NA,Ronald Hansch,Florian Kleine,Christian Tompos,NA,NA,NA,NA,NA,NA,NA
1512222,Action,Animation,Horror,2015,Gus Malliarodakis,Bill Moseley,NA,NA,NA,NA,NA,NA,NA,NA
1513927,Action,Horror,Thriller,2014,Sticky Fingaz,Obba Babatund,Corey Haim,NA,NA,NA,NA,NA,NA,NA
1514411,Horror,Thriller,2017,NA,Lewis Clements,Sebastian Knapp,Alex Humes,NA,NA,NA,NA,NA,NA,NA
1517228,Horror,2015,NA,NA,Bill Ward,NA,NA,NA,NA,NA,NA,NA,NA,NA
1517451,Drama,Music,Musical,2018,Bradley Cooper,Dave Chappelle,Sam Elliott,NA,NA,NA,NA,NA,NA,NA
1517471,Comedy,Drama,2015,NA,Ian Hart,Jerome Holder,Jonathan Pryce,Phil Davis,NA,NA,NA,NA,NA,NA
1519461,Horror,Sci-Fi,Thriller,2015,Ben Rovner,Darrin Bragg,Reid Warner,NA,NA,NA,NA,NA,NA,NA
1520421,Comedy,2016,NA,NA,Fontel Flowers,Chris Iverson,Leon Mobley,NA,NA,NA,NA,NA,NA,NA
1523575,Drama,Horror,Thriller,2016,Richard Miraan,Cris Cunningham,T.J. Maxwell,NA,NA,NA,NA,NA,NA,NA
1524575,Horror,Thriller,2015,NA,Michael Pea,Dougray Scott,Djimon Hounsou,NA,NA,NA,NA,NA,NA,NA
1524930,Adventure,Comedy,2015,NA,Steele Stebbins,Ed Helms,Skyler Gisondo,NA,NA,NA,NA,NA,NA,NA
1525388,Crime,Horror,Mystery,2016,Ljubodrag Zunic,Igor Minic,NA,NA,NA,NA,NA,NA,NA,NA
1527827,Drama,2014,NA,NA,Justin Miles,Burgess Jenkins,Gregory Alan Williams,Mark Joy,NA,NA,NA,NA,NA,NA
1527829,Comedy,2015,NA,NA,Steve Garry,Mike Mitchell,Stuart Biglan,Paul Monaghan,NA,NA,NA,NA,NA,NA
1527837,Comedy,Drama,Sport,2015,Steven Bauer,Peter Greene,NA,NA,NA,NA,NA,NA,NA,NA
1528100,Action,Adventure,Drama,2014,Ben Kingsley,Christian Bale,Joel Edgerton,NA,NA,NA,NA,NA,NA,NA
1528854,Comedy,2015,NA,NA,Will Ferrell,Thomas Haden Church,Mark Wahlberg,NA,NA,NA,NA,NA,NA,NA
1529265,Horror,2015,NA,NA,Elijah Beckett,NA,NA,NA,NA,NA,NA,NA,NA,NA
1529558,Horror,2015,NA,NA,J. Scott Green,NA,NA,NA,NA,NA,NA,NA,NA,NA
1530475,Comedy,2018,NA,NA,Kad Merad,Dany Boon,NA,NA,NA,NA,NA,NA,NA,NA
1536445,Adventure,Comedy,Family,2014,Robert McAtee,Alan Collett,NA,NA,NA,NA,NA,NA,NA,NA
1536537,Action,Adventure,Crime,2017,Willem Dafoe,Marwan Kenzari,NA,NA,NA,NA,NA,NA,NA,NA
1537408,Drama,2018,NA,NA,Farshad Farahat,Damaine Radcliff,NA,NA,NA,NA,NA,NA,NA,NA
1537908,Documentary,Drama,History,2014,Kristin MacCary,NA,NA,NA,NA,NA,NA,NA,NA,NA
1540011,Horror,Thriller,2016,NA,James Allen McCune,Brandon Scott,NA,NA,NA,NA,NA,NA,NA,NA
1541043,Documentary,Drama,Family,2017,Gary Crews,Mike Balser,Michael Favere Marchesi,Sunette Jones,NA,NA,NA,NA,NA,NA
1541627,Drama,2014,NA,NA,Sam Altman,Stewart Altman,Darrell Abrahamson,NA,NA,NA,NA,NA,NA,NA
1541972,Mystery,Thriller,2016,NA,Charles Daves,Gensio de Barros,Eriberto Leo,Danton Mello,NA,NA,NA,NA,NA,NA
1542768,Action,Comedy,2016,NA,Maurice Compte,Kim Coates,Kevin James,NA,NA,NA,NA,NA,NA,NA
1544581,Action,Crime,Drama,2014,Sam Sarpong,Ice T,NA,NA,NA,NA,NA,NA,NA,NA
1544608,Drama,Mystery,Thriller,2017,Marton Csokas,Remo Girone,NA,NA,NA,NA,NA,NA,NA,NA
1545295,Adventure,Drama,Music,2014,Elliot Wrightson,Daniel Musgrove,Matt Whelan,NA,NA,NA,NA,NA,NA,NA
1546379,Drama,2014,NA,NA,Rushana Sadikova,Barohad Shukurova,Farida Olimova,Saodat Rahminova,NA,NA,NA,NA,NA,NA
1548991,Drama,Mystery,2014,NA,Jack Elliott,NA,NA,NA,NA,NA,NA,NA,NA,NA
1551633,Documentary,2016,NA,NA,Pete Seeger,David Lynch,Desmond Tutu,NA,NA,NA,NA,NA,NA,NA
1552105,Comedy,2014,NA,NA,Kevin Ashworth,Max Herholz,NA,NA,NA,NA,NA,NA,NA,NA
1552224,Action,Adventure,Thriller,2014,Bozhao Wang,Hayden Christensen,Alexandre Bailly,Nicolas Cage,NA,NA,NA,NA,NA,NA
1553659,Drama,Sport,2017,NA,Richard Roxburgh,Simon Baker,NA,NA,NA,NA,NA,NA,NA,NA
1554921,Action,Drama,Thriller,2014,Michael Maloney,James Frain,NA,NA,NA,NA,NA,NA,NA,NA
1554929,Drama,Mystery,Thriller,2014,Leon Lucev,Franjo Dijak,NA,NA,NA,NA,NA,NA,NA,NA
1555440,Comedy,Crime,Drama,2014,Johnny Dunn,NA,NA,NA,NA,NA,NA,NA,NA,NA
1556704,Action,Drama,Sport,2018,Andrew Caldwell,Brent Briscoe,Michael Moriarty,Scott Patterson,NA,NA,NA,NA,NA,NA
1558259,Sci-Fi,Thriller,2016,NA,Russell Hodgkinson,Rich Morris,Tony Doupe,NA,NA,NA,NA,NA,NA,NA
1562899,Thriller,2014,NA,NA,William Atherton,Dominic Rains,Ray Park,Faran Tahir,NA,NA,NA,NA,NA,NA
1563127,Drama,Music,2014,NA,Richard Tyson,Frank Stallone,NA,NA,NA,NA,NA,NA,NA,NA
1563740,Drama,2016,NA,NA,James McCaffrey,Marcus Dean Fuller,Seamus Mulcahy,NA,NA,NA,NA,NA,NA,NA
1564368,Horror,Thriller,2015,NA,Andre Royo,C.J. Thomason,Edward Furlong,NA,NA,NA,NA,NA,NA,NA
1564945,Crime,Drama,Horror,2015,Kyle Walsh,R. Michael Gull,NA,NA,NA,NA,NA,NA,NA,NA
1565945,Drama,2014,NA,NA,Cobus Rossouw,Marius Weyers,Willie Esterhuizen,Deon Lotz,NA,NA,NA,NA,NA,NA
1567437,Comedy,Crime,Horror,2014,Ryan Reynolds,NA,NA,NA,NA,NA,NA,NA,NA,NA
1568343,Comedy,Drama,Romance,2014,Charles Grodin,Al Pacino,NA,NA,NA,NA,NA,NA,NA,NA
1568898,Horror,Thriller,2018,NA,Ian Stokell,NA,NA,NA,NA,NA,NA,NA,NA,NA
1571234,Action,Fantasy,Sci-Fi,2018,Hugo Weaving,Robert Sheehan,Stephen Lang,NA,NA,NA,NA,NA,NA,NA
1571249,Comedy,Drama,Romance,2014,Ty Burrell,Luke Wilson,Bill Hader,NA,NA,NA,NA,NA,NA,NA
1572169,Drama,Romance,2017,NA,Allen Maldonado,Reid Ewing,NA,NA,NA,NA,NA,NA,NA,NA
1572304,Horror,Mystery,Thriller,2018,Thomas Shores,Beau Yotty,NA,NA,NA,NA,NA,NA,NA,NA
1572306,Horror,Mystery,Thriller,2014,Zack Ward,NA,NA,NA,NA,NA,NA,NA,NA,NA
1572506,Comedy,2015,NA,NA,Kris Kiley,Nate Rubin,NA,NA,NA,NA,NA,NA,NA,NA
1573475,Action,Comedy,Drama,2015,Karl Campbell,Brian Skelhorn,NA,NA,NA,NA,NA,NA,NA,NA
1577040,Comedy,Family,Romance,2015,Billy Wirth,NA,NA,NA,NA,NA,NA,NA,NA,NA
1578270,Thriller,2016,NA,NA,William Thomas Jones,Bryan Hurd,Timothy Casto,John Moreaux,Dane Deaner,NA,NA,NA,NA,NA
1584918,Thriller,2014,NA,NA,Sheldon Robins,Dante Basco,Tom Sizemore,NA,NA,NA,NA,NA,NA,NA
1587310,Action,Adventure,Family,2014,Sharlto Copley,NA,NA,NA,NA,NA,NA,NA,NA,NA
1587416,Comedy,2014,NA,NA,Douglas Dickerman,Garrett Griffin,James Anthony Cotton,Victor of Aquitaine,George McRae,Andre Mathieu,NA,NA,NA,NA
1587421,Drama,Fantasy,Romance,2014,James Duval,Kelly Perine,NA,NA,NA,NA,NA,NA,NA,NA
1587685,Biography,History,2014,NA,Steven Berkoff,Joss Ackland,Peter O'Toole,NA,NA,NA,NA,NA,NA,NA
1588878,Comedy,Drama,Romance,2016,Kumail Nanjiani,Blake Cooper,Johnny Simmons,NA,NA,NA,NA,NA,NA,NA
1590031,Action,Fantasy,Horror,2016,John Migliore,Tony Watt,Michael Lake,NA,NA,NA,NA,NA,NA,NA
1590193,Action,Crime,Drama,2018,Liam Neeson,Patrick Wilson,Jonathan Banks,NA,NA,NA,NA,NA,NA,NA
1591031,Biography,Documentary,2016,NA,Tomi Brotherus,NA,NA,NA,NA,NA,NA,NA,NA,NA
1591054,Comedy,2018,NA,NA,William Brent,Tilky Jones,NA,NA,NA,NA,NA,NA,NA,NA
1591469,Crime,Drama,2017,NA,David Wilson,Richard Roundtree,Tom Sizemore,NA,NA,NA,NA,NA,NA,NA
1591491,Documentary,2018,NA,NA,Mark Povinelli,Norman Lear,NA,NA,NA,NA,NA,NA,NA,NA
1592253,Adventure,Drama,Family,2018,Franco Nero,Eric Roberts,Jeff Conaway,Vittorio Gassman,NA,NA,NA,NA,NA,NA
1594903,Comedy,Drama,2014,NA,Warwick Davis,Douglas Cubin,Michael Eden,Steven Dolton,Christopher J. Herbert,James Murton,NA,NA,NA,NA
1594972,Adventure,Animation,Comedy,2016,Bill Nighy,Ken Jeong,Rob Schneider,NA,NA,NA,NA,NA,NA,NA
1596342,Adventure,Animation,Comedy,2018,James Marsden,Patrick Dempsey,NA,NA,NA,NA,NA,NA,NA,NA
1596345,Biography,Drama,Sport,2014,Peter Sarsgaard,Liev Schreiber,Tobey Maguire,Michael Stuhlbarg,NA,NA,NA,NA,NA,NA
1596363,Biography,Comedy,Drama,2015,Christian Bale,Brad Pitt,Steve Carell,Ryan Gosling,NA,NA,NA,NA,NA,NA
1597028,Documentary,History,2014,NA,Edward Burns,NA,NA,NA,NA,NA,NA,NA,NA,NA
1597070,Romance,2014,NA,NA,Miguel Angel Caballero,Alex Meraz,NA,NA,NA,NA,NA,NA,NA,NA
1597725,Comedy,Drama,2014,NA,Toni Mihajlovski,Boris Milivojevic,Branislav Trifunovic,NA,NA,NA,NA,NA,NA,NA
1598642,Drama,Sci-Fi,Thriller,2015,Chiwetel Ejiofor,Chris Pine,NA,NA,NA,NA,NA,NA,NA,NA
1599360,Drama,2017,NA,NA,Milo Niggel Mesquida,Kevin Niggel,Paul Pisano,Nicole Mesquida,NA,NA,NA,NA,NA,NA
1600196,Crime,Drama,Mystery,2014,James Gandolfini,Tom Hardy,Matthias Schoenaerts,NA,NA,NA,NA,NA,NA,NA
1600429,Horror,2015,NA,NA,Bill Moseley,Kane Hodder,NA,NA,NA,NA,NA,NA,NA,NA
1600921,Action,2014,NA,NA,scar Abad,Andrew Dasz,Steven Dasz,NA,NA,NA,NA,NA,NA,NA
1601470,Documentary,2015,NA,NA,Matt Rasmussen,NA,NA,NA,NA,NA,NA,NA,NA,NA
1603900,Drama,2014,NA,NA,Adar Zohar Hanetz,Ori Pfeffer,NA,NA,NA,NA,NA,NA,NA,NA
1604100,Drama,2014,NA,NA,Cameron Daddo,Armand Assante,Luke Perry,NA,NA,NA,NA,NA,NA,NA
1604560,Horror,2018,NA,NA,Vincent Pastore,Ice T,James DeBello,NA,NA,NA,NA,NA,NA,NA
1605717,Comedy,Drama,Music,2014,Domhnall Gleeson,Michael Fassbender,NA,NA,NA,NA,NA,NA,NA,NA
1605791,Drama,Family,Thriller,2015,Todd Terry,William McNamara,NA,NA,NA,NA,NA,NA,NA,NA
1605798,Biography,Drama,Romance,2014,Tom Sturridge,Greg Wise,NA,NA,NA,NA,NA,NA,NA,NA
1608290,Comedy,2016,NA,NA,Owen Wilson,Ben Stiller,Will Ferrell,NA,NA,NA,NA,NA,NA,NA
1609138,Animation,Family,Musical,2018,Shah Rukh Khan,Sanjay Dutt,NA,NA,NA,NA,NA,NA,NA,NA
1609479,Comedy,Drama,2014,NA,Sam Rockwell,NA,NA,NA,NA,NA,NA,NA,NA,NA
1609991,Drama,2018,NA,NA,John King Rayburn,Kevin Allesee,NA,NA,NA,NA,NA,NA,NA,NA
1610525,Biography,Drama,Sport,2016,Ron Perlman,Liev Schreiber,NA,NA,NA,NA,NA,NA,NA,NA
1612319,Action,Horror,2015,NA,Scott Adkins,Bruce Payne,Roger Cross,NA,NA,NA,NA,NA,NA,NA
1615150,Comedy,Drama,2016,NA,Josh Hodgins,Aaron Bennett,NA,NA,NA,NA,NA,NA,NA,NA
1615156,Drama,2014,NA,NA,Lex Shrapnel,Sam Heughan,David Ajala,NA,NA,NA,NA,NA,NA,NA
1615157,Drama,2017,NA,NA,David Lohnes,NA,NA,NA,NA,NA,NA,NA,NA,NA
1615160,Action,Crime,Drama,2017,Jackie Chan,Rufus Jones,Mark Tandy,NA,NA,NA,NA,NA,NA,NA
1615477,Comedy,Horror,2014,NA,Jimmy Snuka,Christian Hess,Michael Krause,Cory Kastle,Randall McCann,Scott Allen Bell,NA,NA,NA,NA
1617661,Action,Adventure,Sci-Fi,2015,Channing Tatum,Sean Bean,Eddie Redmayne,NA,NA,NA,NA,NA,NA,NA
1618442,Action,Adventure,Fantasy,2015,Vin Diesel,Elijah Wood,lafur Darri lafsson,NA,NA,NA,NA,NA,NA,NA
1618473,Sci-Fi,Thriller,2015,NA,Mike Duff,John Savage,Kris Keyes,Corbin Bernsen,NA,NA,NA,NA,NA,NA
1619029,Biography,Drama,History,2016,Peter Sarsgaard,Billy Crudup,NA,NA,NA,NA,NA,NA,NA,NA
1620680,Adventure,Family,Fantasy,2018,Chris Pine,Michael Pea,NA,NA,NA,NA,NA,NA,NA,NA
1620935,Biography,Drama,Sport,2016,Aaron Eckhart,Miles Teller,Ciarn Hinds,NA,NA,NA,NA,NA,NA,NA
1621046,Biography,Drama,2014,NA,John Malkovich,Michael Pea,NA,NA,NA,NA,NA,NA,NA,NA
1622565,Horror,Thriller,2016,NA,Richard Sanderson,James Kermack,Nicholas John,NA,NA,NA,NA,NA,NA,NA
1626146,Adventure,Comedy,Drama,2014,Jean Reno,Simon Pegg,NA,NA,NA,NA,NA,NA,NA,NA
1626251,Horror,2016,NA,NA,Don Kilrain,Mark Cray,NA,NA,NA,NA,NA,NA,NA,NA
1628061,Drama,2014,NA,NA,Leo Kling,Joshua Elrod,Travis Nicholson,James Cooke,NA,NA,NA,NA,NA,NA
1628841,Action,Adventure,Sci-Fi,2016,Jeff Goldblum,Liam Hemsworth,Bill Pullman,NA,NA,NA,NA,NA,NA,NA
1629242,Drama,Thriller,2015,NA,Graham Rogers,Nick Jonas,David Sherrill,NA,NA,NA,NA,NA,NA,NA
1630657,Action,Drama,Horror,2017,Brian O'Halloran,Gary Gustin,NA,NA,NA,NA,NA,NA,NA,NA
1631445,Crime,Drama,Thriller,2014,Carlos Garcia,Giovanni Hadock,NA,NA,NA,NA,NA,NA,NA,NA
1631867,Action,Adventure,Sci-Fi,2014,Tom Cruise,Brendan Gleeson,Bill Paxton,NA,NA,NA,NA,NA,NA,NA
1633217,Drama,2017,NA,NA,Jean Luc Vincent,Alfred Renely,Kad Merad,Samir Guesmi,NA,NA,NA,NA,NA,NA
1633224,Drama,2014,NA,NA,Brandon Routh,Reid Scott,NA,NA,NA,NA,NA,NA,NA,NA
1634107,Action,Thriller,2014,NA,Bill Borea,Aaron Aoki,Warren Anderson,NA,NA,NA,NA,NA,NA,NA
1634140,Thriller,2016,NA,NA,William Forsythe,Michael Madsen,Tony Todd,Jay Giannone,NA,NA,NA,NA,NA,NA
1634275,Horror,Thriller,2015,NA,Matt Gulbranson,Guy Torry,NA,NA,NA,NA,NA,NA,NA,NA
1638002,Comedy,Romance,2014,NA,Sam Claflin,Christian Cooke,NA,NA,NA,NA,NA,NA,NA,NA
1638355,Action,Adventure,Comedy,2015,Armie Hammer,Henry Cavill,NA,NA,NA,NA,NA,NA,NA,NA
1638899,Comedy,Drama,Family,2018,Stacy Keach,David Leehy,NA,NA,NA,NA,NA,NA,NA,NA
1639084,Comedy,Drama,Romance,2016,Evan Jonigkeit,NA,NA,NA,NA,NA,NA,NA,NA,NA
1640483,Comedy,Drama,2014,NA,Adam Taylor,Billy Burke,NA,NA,NA,NA,NA,NA,NA,NA
1640605,Horror,Thriller,2017,NA,Russell A. Bryan,Faron Brown,NA,NA,NA,NA,NA,NA,NA,NA
1640718,Animation,Drama,2014,NA,Liam Neeson,John Krasinski,NA,NA,NA,NA,NA,NA,NA,NA
1641640,Comedy,Horror,Sci-Fi,2014,Sean Gordon,NA,NA,NA,NA,NA,NA,NA,NA,NA
1641841,Action,Crime,Thriller,2014,Tony Jaa,Dolph Lundgren,Michael Jai White,Ron Perlman,NA,NA,NA,NA,NA,NA
1642248,Horror,2016,NA,NA,Digger Mesch,Peter Mayhew,Ryan Martin,NA,NA,NA,NA,NA,NA,NA
1643239,Action,Crime,Romance,2014,Rajeev Khandelwal,Saurabh Shukla,Prashant Narayanan,NA,NA,NA,NA,NA,NA,NA
1643249,Action,Adventure,Fantasy,2017,Jimmy Vee,Bruce Campbell,NA,NA,NA,NA,NA,NA,NA,NA
1644695,Drama,2014,NA,NA,Rufus Frampton,David Frampton,NA,NA,NA,NA,NA,NA,NA,NA
1645033,Horror,Thriller,2017,NA,Michael Laurie,Rubn Guevara,NA,NA,NA,NA,NA,NA,NA,NA
1645916,Comedy,Romance,2014,NA,Stanley Townsend,Brian Gleeson,NA,NA,NA,NA,NA,NA,NA,NA
1646971,Action,Adventure,Animation,2014,Craig Ferguson,Gerard Butler,Jay Baruchel,NA,NA,NA,NA,NA,NA,NA
1646972,Thriller,2015,NA,NA,Byron Mann,Jason Tobin,NA,NA,NA,NA,NA,NA,NA,NA
1647360,Comedy,Drama,2014,NA,Jesse Vint,Fredric Champenois,Pastor Bruno Barroso,Olivier Kalume,C.W. Jensen,Randy Roberts,NA,NA,NA,NA
1647668,Biography,Drama,Sport,2014,Jon Hamm,Aasif Mandvi,Alan Arkin,Suraj Sharma,NA,NA,NA,NA,NA,NA
1648190,Action,Adventure,Fantasy,2017,Dennis Haysbert,Matthew McConaughey,Tom Taylor,Idris Elba,NA,NA,NA,NA,NA,NA
1648199,Drama,Sci-Fi,Thriller,2017,Jerry Hoffman,Marshal Hilton,Daniel Bonjour,NA,NA,NA,NA,NA,NA,NA
1649443,Horror,Thriller,2014,NA,Ismael Fritschi,Paco Manzanedo,Hctor Colom,NA,NA,NA,NA,NA,NA,NA
1650544,Horror,Thriller,2014,NA,Bart Johnson,Wes Murphy,Alex Corrado,John Steven,Luce Rains,NA,NA,NA,NA,NA
1651123,Horror,2014,NA,NA,Michael Imperioli,Bill Raymond,Wendell Pierce,NA,NA,NA,NA,NA,NA,NA
1651951,Comedy,Drama,2014,NA,Errikos Litsis,Vangelis Mourikis,Zohar Shtrauss,NA,NA,NA,NA,NA,NA,NA
1653665,Biography,Family,History,2017,Domhnall Gleeson,NA,NA,NA,NA,NA,NA,NA,NA,NA
1655441,Drama,Fantasy,Romance,2015,Harrison Ford,Michiel Huisman,NA,NA,NA,NA,NA,NA,NA,NA
1655461,Action,Adventure,Comedy,2016,Ptolemy Slocum,NA,NA,NA,NA,NA,NA,NA,NA,NA
1658801,Biography,Drama,Romance,2015,Michael Shannon,Steve Carell,NA,NA,NA,NA,NA,NA,NA,NA
1659198,Adventure,Drama,Fantasy,2016,Rikki Tarascas,Lawrence Stubbings,Andrew Lewis,NA,NA,NA,NA,NA,NA,NA
1659611,Comedy,2015,NA,NA,Didier Bourdon,Michel Vuillermoz,NA,NA,NA,NA,NA,NA,NA,NA
1659619,Adventure,Biography,2016,NA,Laurent Lucas,Lambert Wilson,Pierre Niney,NA,NA,NA,NA,NA,NA,NA
1661066,Documentary,2015,NA,NA,Paul Ehlers,NA,NA,NA,NA,NA,NA,NA,NA,NA
1661199,Drama,Family,Fantasy,2015,Richard Madden,NA,NA,NA,NA,NA,NA,NA,NA,NA
1661275,Comedy,Drama,Romance,2016,Sam Claflin,Richard E. Grant,Nicholas Murchie,NA,NA,NA,NA,NA,NA,NA
1661820,Thriller,2014,NA,NA,Bruce Dern,Michael Stuhlbarg,John Malkovich,NA,NA,NA,NA,NA,NA,NA
1661908,Drama,Horror,2016,NA,David Hess,Maximo Gianfranco Sorrentino,Jonathan Tiersten,NA,NA,NA,NA,NA,NA,NA
1662500,Crime,Drama,Mystery,2016,Michael Massee,Robert LaSardo,NA,NA,NA,NA,NA,NA,NA,NA
1663171,Adventure,Comedy,Fantasy,2014,Dan Keezer,Chris Wilson,NA,NA,NA,NA,NA,NA,NA,NA
1663202,Adventure,Drama,History,2015,Will Poulter,Tom Hardy,Domhnall Gleeson,Leonardo DiCaprio,NA,NA,NA,NA,NA,NA
1663222,Action,Horror,Sci-Fi,2014,Jw Wiseman,Britt Griffith,NA,NA,NA,NA,NA,NA,NA,NA
1663649,Comedy,2016,NA,NA,Tristan Ott,Ned Yousef,Mike Franklin,Jack Carter,Brett Lapeyrouse,NA,NA,NA,NA,NA
1665769,Action,Adventure,Drama,2017,John Charles,Michael Spiros,Peter Paluska,Robbie Reilly,NA,NA,NA,NA,NA,NA
1665799,Drama,Mystery,Thriller,2017,Andrew Yorke,Daniel Thomas Phipps,Kevin Michael,NA,NA,NA,NA,NA,NA,NA
1666185,Biography,Drama,Music,2017,Demetrius Shipp Jr.,NA,NA,NA,NA,NA,NA,NA,NA,NA
1666187,Horror,Sci-Fi,Thriller,2014,Mark Sheppard,Lochlyn Munro,Paul Wall,NA,NA,NA,NA,NA,NA,NA
1666287,Adventure,Comedy,Drama,2014,Fadi Rifaai,Fahad Albutairi,Shadi Alfons,Kal Naga,NA,NA,NA,NA,NA,NA
1666329,Horror,2014,NA,NA,Noel Gugliemi,Tony DeGuide,Jose Carlos Gomez,NA,NA,NA,NA,NA,NA,NA
1666335,Drama,Thriller,2014,NA,Gil Bellows,Topher Grace,NA,NA,NA,NA,NA,NA,NA,NA
1666801,Comedy,Romance,2015,NA,Robbie Amell,NA,NA,NA,NA,NA,NA,NA,NA,NA
1666823,Drama,Fantasy,Music,2015,Sean Bridgers,NA,NA,NA,NA,NA,NA,NA,NA,NA
1667061,Action,Adventure,Drama,2014,Kevin Sorbo,Said Faraj,Christian Kramme,NA,NA,NA,NA,NA,NA,NA
1667321,Drama,2017,NA,NA,Samuel West,NA,NA,NA,NA,NA,NA,NA,NA,NA
1668016,Drama,History,Romance,2016,Jeroen Spitzenberger,Porgy Franssen,Roeland Fernhout,NA,NA,NA,NA,NA,NA,NA
1669768,Adventure,Family,Mystery,2014,Gator Moore,Robert Grossman,Derek Moreland,Jeff Moreland,NA,NA,NA,NA,NA,NA
1669818,Adventure,Comedy,Family,2014,Mark de Salvo,Matthew de Salvo,John Brown,Dan Adams,NA,NA,NA,NA,NA,NA
1670392,Thriller,2015,NA,NA,Chris Jarvis,Liam McMahon,NA,NA,NA,NA,NA,NA,NA,NA
1670934,Drama,2015,NA,NA,Ramin Sohrab,Rostislav Aalto,Ismo Apell,NA,NA,NA,NA,NA,NA,NA
1670994,Comedy,Drama,2014,NA,Cheyenne Jackson,Julian Sands,NA,NA,NA,NA,NA,NA,NA,NA
1671583,Drama,2014,NA,NA,Aidan Bristow,Josh Nix,NA,NA,NA,NA,NA,NA,NA,NA
1671719,Drama,2014,NA,NA,Jay McClure,Jorge A. Jimenez,Kevin O. Peterson,NA,NA,NA,NA,NA,NA,NA
1671741,Drama,Romance,2015,NA,Matt Cannon,NA,NA,NA,NA,NA,NA,NA,NA,NA
1673373,Comedy,Romance,2014,NA,Lars Sandberg,Michael Hamory,Robert Isberg,NA,NA,NA,NA,NA,NA,NA
1673734,Biography,Crime,Drama,2014,James Woods,Ving Rhames,Spencer Rocco Lofranco,NA,NA,NA,NA,NA,NA,NA
1674768,Crime,Drama,Music,2017,Barry Corbin,Quinton Aaron,Keith Jardine,Tony Cavalero,NA,NA,NA,NA,NA,NA
1674771,Comedy,2015,NA,NA,Kevin Dillon,Jerry Ferrara,Adrian Grenier,Kevin Connolly,NA,NA,NA,NA,NA,NA
1675190,Thriller,2016,NA,NA,Vincent X. Hall,NA,NA,NA,NA,NA,NA,NA,NA,NA
1675315,Horror,2014,NA,NA,Adam Fallon,Pat Doran,Nick Doetsch,NA,NA,NA,NA,NA,NA,NA
1677720,Action,Adventure,Sci-Fi,2018,Ben Mendelsohn,NA,NA,NA,NA,NA,NA,NA,NA,NA
1679276,Adventure,Comedy,Crime,2014,Axel Prahl,Anton Petzold,Juri Winkler,NA,NA,NA,NA,NA,NA,NA
1679335,Adventure,Animation,Comedy,2016,Justin Timberlake,Christopher Mintz Plasse,NA,NA,NA,NA,NA,NA,NA,NA
1680140,Action,Adventure,Drama,2017,Richard O'Brien,Jack Davenport,Graham McTavish,NA,NA,NA,NA,NA,NA,NA
1680311,Family,Sport,2015,NA,Kyle Kirk,Matthew Lillard,Wayne Duvall,NA,NA,NA,NA,NA,NA,NA
1681368,Comedy,2014,NA,NA,Russell Durham Comegys,Beau Marie,George Faughnan,NA,NA,NA,NA,NA,NA,NA
1681370,Action,Romance,Thriller,2014,Ben Youcef,Harry Lennix,NA,NA,NA,NA,NA,NA,NA,NA
1682886,Musical,2018,NA,NA,Arsher Ali,George MacKay,Joe Dempsie,NA,NA,NA,NA,NA,NA,NA
1682956,Action,Adventure,Crime,2018,Brandon Vann,Victor Bolin,Josh Rengert,La Quan Pope,Chloe Francis,NA,NA,NA,NA,NA
1683051,Crime,Drama,Mystery,2015,Adam Lazarre White,Richard T. Jones,NA,NA,NA,NA,NA,NA,NA,NA
1683525,Adventure,2018,NA,NA,Marty Ingels,Meri David,Nik Catello,Zack Cornejo,NA,NA,NA,NA,NA,NA
1683919,Action,Drama,2015,NA,Hector Echavarria,Danny Trejo,NA,NA,NA,NA,NA,NA,NA,NA
1686027,Animation,Biography,Comedy,2014,Bill LeVasseur,Josh Phillips,NA,NA,NA,NA,NA,NA,NA,NA
1686122,Comedy,2014,NA,NA,Kevin Zaideman,Shang Forbes,Eddie Pepitone,Dan Cummins,NA,NA,NA,NA,NA,NA
1686821,Action,Comedy,Fantasy,2014,Danila Kozlovsky,Gabriel Byrne,NA,NA,NA,NA,NA,NA,NA,NA
1686897,Action,2014,NA,NA,Ken Shamrock,Christopher Bihrle,Mike Brown,Jess Weber,NA,NA,NA,NA,NA,NA
1688698,Documentary,Drama,Sport,2015,Eleanor Bassett,NA,NA,NA,NA,NA,NA,NA,NA,NA
1688702,Sci-Fi,2014,NA,NA,Reko Moreno,Joe Chacon,NA,NA,NA,NA,NA,NA,NA,NA
1690543,Drama,Fantasy,2016,NA,Brian O'Halloran,Barry Williams,Josef Cannon,NA,NA,NA,NA,NA,NA,NA
1690544,Drama,Romance,2014,NA,Neal Bledsoe,Dan Bittner,NA,NA,NA,NA,NA,NA,NA,NA
1690967,Drama,2018,NA,NA,Martin Sheen,Jason Segel,Chiwetel Ejiofor,Lakeith Stanfield,NA,NA,NA,NA,NA,NA
1691339,War,2017,NA,NA,Andrey Kharybin,Anton Khabarov,Andrey Chadov,Vyacheslav Ilin,NA,NA,NA,NA,NA,NA
1691451,Drama,2014,NA,NA,Fermin Galeano,James Alexandrou,Osvaldo Doimeadis,NA,NA,NA,NA,NA,NA,NA
1691924,Horror,2017,NA,NA,Torey Widener,Christopher Frainza,NA,NA,NA,NA,NA,NA,NA,NA
1691928,Comedy,Drama,2014,NA,Ethan Russell,Gregory Thomas,Ryan Rottman,Brock Kelly,Anil Raman,Carlos Miranda,NA,NA,NA,NA
1693111,Comedy,Drama,2017,NA,Connor Capetillo,Timothy Brennen,NA,NA,NA,NA,NA,NA,NA,NA
1694021,Action,Horror,Thriller,2015,Thomas Jane,Scott Glenn,James Marsden,NA,NA,NA,NA,NA,NA,NA
1695388,Drama,Fantasy,2014,NA,Michael Maloney,Ben Daniels,NA,NA,NA,NA,NA,NA,NA,NA
1698641,Comedy,Family,2014,NA,Dylan Minnette,Ed Oxenbould,Steve Carell,NA,NA,NA,NA,NA,NA,NA
1698655,Horror,2017,NA,NA,Johnathan Ball,Loren Blackwell,Joe Davison,Tony Armer,NA,NA,NA,NA,NA,NA
1699518,Biography,Drama,History,2017,Stefan Konarske,August Diehl,Olivier Gourmet,NA,NA,NA,NA,NA,NA,NA
1700807,Horror,Mystery,Thriller,2015,Forris Day Jr.,Patrick French,Martin DuPlessis,Kevin Escudero,Steven Joseph Adams,NA,NA,NA,NA,NA
1700841,Adventure,Animation,Comedy,2016,Alistair Abell,Seth Rogen,Jonah Hill,NA,NA,NA,NA,NA,NA,NA
1702014,Drama,Romance,2014,NA,Fabio Audi,Ghilherme Lobo,NA,NA,NA,NA,NA,NA,NA,NA
1702429,Biography,Comedy,Drama,2015,Luis Alberti,Elmer Bck,NA,NA,NA,NA,NA,NA,NA,NA
1703123,Drama,2018,NA,NA,Todd Carty,Drew Waters,NA,NA,NA,NA,NA,NA,NA,NA
1703807,Drama,Romance,Thriller,2017,Mukesh Asopa,Akshay Asopa,NA,NA,NA,NA,NA,NA,NA,NA
1703957,Biography,Drama,2016,NA,Jude Law,Colin Firth,NA,NA,NA,NA,NA,NA,NA,NA
1705100,Family,2014,NA,NA,Michael Peterson,NA,NA,NA,NA,NA,NA,NA,NA,NA
1706625,Action,Crime,Thriller,2015,Columbus Short,Wilmer Valderrama,Jesse Spencer,NA,NA,NA,NA,NA,NA,NA
1707380,Drama,2015,NA,NA,James Franco,Claude Chamberlain,Gilbert Wahiakeron,Peter Miller,NA,NA,NA,NA,NA,NA
1708135,Biography,Drama,War,2015,Johann von Blow,Burghart Klauner,Christian Friedel,NA,NA,NA,NA,NA,NA,NA
1710622,Action,Drama,Sci-Fi,2017,Rade Serbedzija,NA,NA,NA,NA,NA,NA,NA,NA,NA
1711525,Comedy,2016,NA,NA,Jason Bateman,T.J. Miller,NA,NA,NA,NA,NA,NA,NA,NA
1712192,Thriller,2016,NA,NA,Luke Evans,Chadwick Boseman,Alfred Molina,NA,NA,NA,NA,NA,NA,NA
1712261,Action,Crime,Drama,2016,Aaron Paul,Anthony Mackie,Casey Affleck,Chiwetel Ejiofor,NA,NA,NA,NA,NA,NA
1713440,Biography,Thriller,2016,NA,Santiago Molero,Miquel Garca Borda,Eduard Fernndez,Jos Coronado,NA,NA,NA,NA,NA,NA
1713545,Documentary,2014,NA,NA,Leonard Nimoy,NA,NA,NA,NA,NA,NA,NA,NA,NA
1713991,Drama,2018,NA,NA,Eric Roberts,Oakes Fegley,John Robinson,Preston Edwards,Mike Sutton,Leo Fitzpatrick,NA,NA,NA,NA
1714843,Drama,Thriller,2014,NA,Ron Cephas Jones,Billy Crudup,NA,NA,NA,NA,NA,NA,NA,NA
1715751,Crime,Drama,2014,NA,Mukesh Asopa,Voytek Skrzeta,NA,NA,NA,NA,NA,NA,NA,NA
1715879,Comedy,2014,NA,NA,Ned Scannell,Arthur Wahlberg,Jon Brandi,NA,NA,NA,NA,NA,NA,NA
1717715,Action,Adventure,Family,2014,Yun Fat Chow,Aaron Kwok,Yitian Hai,Donnie Yen,NA,NA,NA,NA,NA,NA
1718763,Crime,Drama,Thriller,2015,Lucius Falick,Joseph Morgan,Walton Goggins,NA,NA,NA,NA,NA,NA,NA
1718915,Comedy,Horror,2014,NA,Jesse Carere,Jon Dore,Daryl Sabara,NA,NA,NA,NA,NA,NA,NA
1718924,Drama,2016,NA,NA,Dustin Milligan,Willem Dafoe,Gerard Butler,NA,NA,NA,NA,NA,NA,NA
1719035,Biography,2018,NA,NA,Alaska Thunderfuck,Willam Belli,Jay Huguley,Ryan O'Connor,NA,NA,NA,NA,NA,NA
1720035,Action,Drama,Thriller,2016,Pruitt Taylor Vince,Nyell Segura,Julito McCullum,NA,NA,NA,NA,NA,NA,NA
1720161,Comedy,Drama,Romance,2015,Owen Drake,Kody Corduan,NA,NA,NA,NA,NA,NA,NA,NA
1720280,Comedy,2015,NA,NA,Jerry Perez,Maxx Maulion,Andres De Oliveira,Antoni Corone,NA,NA,NA,NA,NA,NA
1720621,Drama,Thriller,2017,NA,Jason London,Sean Patrick Flanery,NA,NA,NA,NA,NA,NA,NA,NA
1721503,Drama,2015,NA,NA,Thomas Anthony Quinn,Christopher J. Domig,NA,NA,NA,NA,NA,NA,NA,NA
1723108,Horror,Thriller,2016,NA,Sonny Shroyer,Don Pedro Colley,NA,NA,NA,NA,NA,NA,NA,NA
1723129,Action,Adventure,Fantasy,2015,Christian Howard,NA,NA,NA,NA,NA,NA,NA,NA,NA
1724597,Drama,Music,2016,NA,Tom Hughes,Dougray Scott,Jonathan Rhys Meyers,NA,NA,NA,NA,NA,NA,NA
1724970,Action,Adventure,Horror,2017,Jonny Weston,Callan Mulvey,Frank Grillo,NA,NA,NA,NA,NA,NA,NA
1725153,Drama,2017,NA,NA,Gary Dourdan,Tony Devon,Krayzie Bone,Layzie Bone,NA,NA,NA,NA,NA,NA
1725969,Animation,Drama,History,2016,Luke Treadaway,Jim Broadbent,NA,NA,NA,NA,NA,NA,NA,NA
1725986,Comedy,Romance,2014,NA,Pierce Brosnan,Malcolm McDowell,NA,NA,NA,NA,NA,NA,NA,NA
1726252,Thriller,2015,NA,NA,Moritz Bleibtreu,Jrgen Prochnow,NA,NA,NA,NA,NA,NA,NA,NA
1726592,Drama,Mystery,Thriller,2014,Mark Strong,Colin Firth,NA,NA,NA,NA,NA,NA,NA,NA
1726870,Action,2017,NA,NA,Alex Reece,Joe Stuart Paul,Chris Ryman,NA,NA,NA,NA,NA,NA,NA
1727318,Thriller,2015,NA,NA,Neil Catchick,Adrian Bouchet,Samuel Anderson,NA,NA,NA,NA,NA,NA,NA
1727375,Action,Drama,Horror,2014,Jeremy Jones,Shawn C. Phillips,David Vaughn,NA,NA,NA,NA,NA,NA,NA
1727497,Action,Crime,Drama,2017,Koen De Bouw,Greg Timmermans,Werner De Smedt,NA,NA,NA,NA,NA,NA,NA
1727770,Comedy,Sci-Fi,2015,NA,Simon Pegg,Sanjeev Bhaskar,Rob Riggle,NA,NA,NA,NA,NA,NA,NA
1727776,Action,Comedy,Horror,2015,Joey Morgan,Logan Miller,Tye Sheridan,NA,NA,NA,NA,NA,NA,NA
1727824,Biography,Drama,Music,2018,Aidan Gillen,Rami Malek,Mike Myers,NA,NA,NA,NA,NA,NA,NA
1728969,Biography,Drama,2018,NA,Gary Lockwood,Kiri S. Stevens,NA,NA,NA,NA,NA,NA,NA,NA
1728977,Drama,Mystery,Thriller,2015,Mehdi Ackerman,Frank Leboeuf,NA,NA,NA,NA,NA,NA,NA,NA
1729536,Drama,Horror,Thriller,2014,Omar Al Sobky,David Austin,NA,NA,NA,NA,NA,NA,NA,NA
1730209,Drama,Thriller,2015,NA,Ian Pfister,John Lunsford,NA,NA,NA,NA,NA,NA,NA,NA
1730760,Comedy,2014,NA,NA,Griffin Dunne,John Leguizamo,NA,NA,NA,NA,NA,NA,NA,NA
1730764,Drama,2014,NA,NA,Bob Schwarze,NA,NA,NA,NA,NA,NA,NA,NA,NA
1730768,Biography,Drama,History,2017,Johan Heldenbergh,Timothy Radford,Daniel Brhl,NA,NA,NA,NA,NA,NA,NA
1731701,Action,Adventure,Comedy,2015,Samuel L. Jackson,NA,NA,NA,NA,NA,NA,NA,NA,NA
1731702,Drama,Thriller,2015,NA,Jonathan Bennett,NA,NA,NA,NA,NA,NA,NA,NA,NA
1732514,Comedy,2014,NA,NA,Richard Lukens,Derek Lee Nixon,Andrew Pozza,NA,NA,NA,NA,NA,NA,NA
1732651,Drama,Horror,Sci-Fi,2015,Campbell Cooley,Steve Austin,Johnny Hall,NA,NA,NA,NA,NA,NA,NA
1733298,Drama,Sport,2018,NA,Gonzalo Menendez,Logan Henderson,NA,NA,NA,NA,NA,NA,NA,NA
1733729,Action,Crime,Drama,2016,Chris Graham,Dan Eberle,NA,NA,NA,NA,NA,NA,NA,NA
1733731,Crime,Drama,2015,NA,John Flanders,Franois Beukelaers,Olivier Bisback,Olivier Bonjour,Kevin Van Doorslaer,NA,NA,NA,NA,NA
1734493,Action,Drama,Mystery,2017,Orlando Bloom,John Malkovich,NA,NA,NA,NA,NA,NA,NA,NA
1734579,Comedy,Drama,2015,NA,Stanislas Pierret,Vladimr Skultty,Toms Bambusek,Martin Mysicka,NA,NA,NA,NA,NA,NA
1735289,Action,Horror,Thriller,2014,Kathrynn Brynn,Chad Bruns,Brandi Breisch,Eddie Benevich,NA,NA,NA,NA,NA,NA
1735462,Animation,Comedy,2015,NA,Bill Paxton,Carlos PenaVega,Kiefer O'Reilly,Christopher Plummer,Geoff Gustafson,NA,NA,NA,NA,NA
1735907,Crime,Drama,Thriller,2015,Ed Harris,James Franco,Jim Parrack,NA,NA,NA,NA,NA,NA,NA
1736040,Horror,Thriller,2015,NA,Nicholas Boise,Keith Collins,NA,NA,NA,NA,NA,NA,NA,NA
1737110,Romance,Thriller,2018,NA,Carl Weyant,Robert Miano,James Russo,NA,NA,NA,NA,NA,NA,NA
1738351,Thriller,2014,NA,NA,Faraz Ayub,Paddy Considine,Shubham Saraf,NA,NA,NA,NA,NA,NA,NA
1739293,Drama,2018,NA,NA,Hugh Bonneville,Alan Ritchson,NA,NA,NA,NA,NA,NA,NA,NA
1739306,Horror,Thriller,2016,NA,Tony Tale,Johnny Lechner,NA,NA,NA,NA,NA,NA,NA,NA
1740495,Drama,Romance,2016,NA,Ivo Canelas,Tonico Pereira,Leonardo Medeiros,Filipe Duarte,NA,NA,NA,NA,NA,NA
1740552,Drama,War,2014,NA,Mugdim Avdagic,Muhamed Dupovac,Stanislav Rucnov,NA,NA,NA,NA,NA,NA,NA
1740683,Drama,2017,NA,NA,Sren Malling,Sren Pilmark,Jakob Oftebro,NA,NA,NA,NA,NA,NA,NA
1740697,Action,Drama,Thriller,2014,Michael Biehn,Ryan Sauter,Ash Gordey,NA,NA,NA,NA,NA,NA,NA
1740719,Fantasy,2014,NA,NA,G. Gotham Smith,Russell Rinker,NA,NA,NA,NA,NA,NA,NA,NA
1740727,Mystery,Thriller,2014,NA,Cassandra Briedis,Luke Bright,Kirk Jenkins,NA,NA,NA,NA,NA,NA,NA
1741273,Crime,Drama,Mystery,2015,Dean Norris,Chiwetel Ejiofor,NA,NA,NA,NA,NA,NA,NA,NA
1742044,Biography,Drama,Music,2014,Vincent Piazza,Michael Lomenda,John Lloyd Young,Erich Bergen,NA,NA,NA,NA,NA,NA
1742179,Fantasy,2017,NA,NA,John Rhys Davies,Ted Levine,Diego Boneta,NA,NA,NA,NA,NA,NA,NA
1742327,Crime,Drama,Romance,2016,Leif Gantvoort,James Black,NA,NA,NA,NA,NA,NA,NA,NA
1742334,Action,Crime,Drama,2014,Sam Worthington,Terrence Howard,Arnold Schwarzenegger,NA,NA,NA,NA,NA,NA,NA
1743230,Drama,2014,NA,NA,Christopher Cussat,NA,NA,NA,NA,NA,NA,NA,NA,NA
1744770,Drama,2014,NA,NA,Jeff Rose,Brian Stretch,NA,NA,NA,NA,NA,NA,NA,NA
1744773,Romance,2014,NA,NA,Che Broadway,Rick Borgia,NA,NA,NA,NA,NA,NA,NA,NA
1745787,Crime,Drama,2014,NA,Hryhoriy Fesenko,Oleksandr Dsiadevych,NA,NA,NA,NA,NA,NA,NA,NA
1745936,Drama,Family,Romance,2014,Garrett Holmes Braddock,Ryan McInerney,Anthony Grant,NA,NA,NA,NA,NA,NA,NA
1745959,Comedy,Horror,Musical,2014,Brandon Heitkamp,Kenneth Hughes,Kevin Scott Richardson,Brian Gaskill,NA,NA,NA,NA,NA,NA
1748051,Thriller,2016,NA,NA,Aaron Refvem,Jonathan Togo,NA,NA,NA,NA,NA,NA,NA,NA
1748256,Comedy,Drama,2014,NA,Kevin Laibson,J. Center,Bob Walz,NA,NA,NA,NA,NA,NA,NA
1753383,Adventure,Comedy,Drama,2017,Josh Gad,Dennis Quaid,Bryce Gheisar,NA,NA,NA,NA,NA,NA,NA
1753741,Action,Comedy,Drama,2014,Brendon Alleyne,Neal Adams,Allen Adam,NA,NA,NA,NA,NA,NA,NA
1753786,Action,Adventure,Drama,2016,Nick Chinlund,Andy Garcia,Jorge A. Jimenez,Scott Eastwood,NA,NA,NA,NA,NA,NA
1753900,Drama,2014,NA,NA,Labinot Laji,Xhemi Agaj,Salaetin Bilal,Shkelqim Islami,Adriana Morina,Lulzim Guhelli,Arben Bajraktaraj,NA,NA,NA
1754137,Drama,2014,NA,NA,Om Puri,Aamrik Arjun,Armaan Kabli,Deep Dhillon,NA,NA,NA,NA,NA,NA
1754167,Documentary,2018,NA,NA,Jean Baptiste Evette,Dominique Beaux,NA,NA,NA,NA,NA,NA,NA,NA
1754194,Crime,Drama,War,2016,Arturo Castro,Kit Lang,NA,NA,NA,NA,NA,NA,NA,NA
1754316,Action,Drama,Thriller,2017,Keenan Johnston,Mark Sivertsen,Thomas R. Baker,NA,NA,NA,NA,NA,NA,NA
1754331,Comedy,Drama,Sci-Fi,2015,Jauris Casanova,Benjamin Boyer,NA,NA,NA,NA,NA,NA,NA,NA
1754650,Adventure,Animation,Family,2017,Nikolay Drozdov,Mikhail Efremov,Armen Dzhigarkhanyan,Stanislav Duzhnikov,NA,NA,NA,NA,NA,NA
1754656,Adventure,Animation,Drama,2015,Jeff Bridges,NA,NA,NA,NA,NA,NA,NA,NA,NA
1754700,Action,Sci-Fi,Thriller,2018,Mark Vasconcellos,Todd Stroik,NA,NA,NA,NA,NA,NA,NA,NA
1754736,Comedy,Drama,2015,NA,Theo Ikummaq,Andr De Shields,Ashley Springer,NA,NA,NA,NA,NA,NA,NA
1754767,Action,Animation,Comedy,2014,Bryan Mahoney,Jon Etheridge,NA,NA,NA,NA,NA,NA,NA,NA
1754871,Drama,Fantasy,Western,2016,Richard Anderson,Vernon Wells,Seth Gandrud,NA,NA,NA,NA,NA,NA,NA
1756508,Horror,2014,NA,NA,Alex Rendall,Rick Alancroft,Terry Felix,Craig Daniels,Mike Bracewell,NA,NA,NA,NA,NA
1756835,Animation,Family,Fantasy,2014,Jason Cermak,James D. Hopkin,Nick Johnson,NA,NA,NA,NA,NA,NA,NA
1756836,Drama,Fantasy,Horror,2018,Silvio Simac,Andy Lau,Nico Toffoli,NA,NA,NA,NA,NA,NA,NA
1757685,Action,2017,NA,NA,Dan van Husen,Bobby Rhodes,Giovanni Lombardo Radice,Joe Egan,Jeff Stewart,NA,NA,NA,NA,NA
1757901,Action,Horror,Mystery,2015,Frank Wihbey,Santo Fazio,Tom Savini,NA,NA,NA,NA,NA,NA,NA
1758771,Drama,Family,Music,2014,Nick Wilder,NA,NA,NA,NA,NA,NA,NA,NA,NA
1758810,Crime,Drama,Mystery,2017,Jonas Karlsson,Michael Fassbender,NA,NA,NA,NA,NA,NA,NA,NA
1759744,Crime,Drama,2018,NA,Matt Smith,NA,NA,NA,NA,NA,NA,NA,NA,NA
1761005,Action,Drama,Mystery,2014,Dean Stockwell,Bruce Davison,James Remar,Raoul Max Trujillo,NA,NA,NA,NA,NA,NA
1761008,Drama,2015,NA,NA,Tim Whitcomb,Michael J. Prosser,Barrie Wild,NA,NA,NA,NA,NA,NA,NA
1762233,Documentary,2014,NA,NA,Humberto Tan,Lambert Wilson,Idris Elba,NA,NA,NA,NA,NA,NA,NA
1763256,Horror,2014,NA,NA,Marc Valera,Matt Angel,NA,NA,NA,NA,NA,NA,NA,NA
1764215,Action,Comedy,Crime,2014,Aaron Liebman,Robert Werner,Steve Rimpici,NA,NA,NA,NA,NA,NA,NA
1764355,Action,Mystery,Sci-Fi,2015,David Stuart,Kaare Anderson,Marc Petey,Robert L. Duncan,NA,NA,NA,NA,NA,NA
1764494,Drama,2018,NA,NA,Isaac C. Singleton Jr.,Al Sapienza,NA,NA,NA,NA,NA,NA,NA,NA
1764565,Documentary,2017,NA,NA,Wagner Moura,NA,NA,NA,NA,NA,NA,NA,NA,NA
1764614,Fantasy,Horror,Mystery,2014,Stephen Rea,NA,NA,NA,NA,NA,NA,NA,NA,NA
1764679,Comedy,Horror,Sci-Fi,2014,Ted Barba,Michael Berkman,David Beard,NA,NA,NA,NA,NA,NA,NA
1765679,Drama,2018,NA,NA,Chris Wellington,Owen Drake,NA,NA,NA,NA,NA,NA,NA,NA
1767372,Comedy,2014,NA,NA,Owen Wilson,NA,NA,NA,NA,NA,NA,NA,NA,NA
1769292,Documentary,Family,2015,NA,Lanny Baker,Jeff Hamilton,Sabrina Gaunt,NA,NA,NA,NA,NA,NA,NA
1772261,Drama,Horror,Mystery,2015,Lucas Till,NA,NA,NA,NA,NA,NA,NA,NA,NA
1772264,Drama,Horror,Mystery,2014,Jim Sturgess,David Thewlis,Brendan Gleeson,NA,NA,NA,NA,NA,NA,NA
1772288,Comedy,Drama,Music,2015,Al Pacino,Bobby Cannavale,NA,NA,NA,NA,NA,NA,NA,NA
1772301,Documentary,2016,NA,NA,Paul Salamunovich,NA,NA,NA,NA,NA,NA,NA,NA,NA
1772399,Comedy,Music,Romance,2017,Caleb Gilbert,Nate DuFort,NA,NA,NA,NA,NA,NA,NA,NA
1773389,Drama,Sci-Fi,Thriller,2016,Brad Norman,Aaron Graham,Kenneth Hughes,NA,NA,NA,NA,NA,NA,NA
1773467,Horror,Thriller,2016,NA,Torey Adkins,Marika Engelhardt,Brad Fry,NA,NA,NA,NA,NA,NA,NA
1773687,Comedy,Drama,Romance,2015,Kevin Sorbo,Carlos Ponce,NA,NA,NA,NA,NA,NA,NA,NA
1773753,Crime,Horror,Thriller,2018,Javier Botet,Mitch Eakins,Lance E. Nichols,NA,NA,NA,NA,NA,NA,NA
1773845,Drama,2015,NA,NA,Bojan Zirovic,NA,NA,NA,NA,NA,NA,NA,NA,NA
1774504,Drama,2017,NA,NA,Nebojsa Milovanovic,Andrija Danicic,Milos Samolov,NA,NA,NA,NA,NA,NA,NA
1774591,Drama,Thriller,2016,NA,Pat Healy,NA,NA,NA,NA,NA,NA,NA,NA,NA
1776048,Crime,Drama,2018,NA,Damien Colletti,NA,NA,NA,NA,NA,NA,NA,NA,NA
1776097,Horror,2018,NA,NA,Mark Behar,Jon Paul Gates,Hans Hernke,Steven M. Smith,NA,NA,NA,NA,NA,NA
1776162,Drama,Sci-Fi,2014,NA,Jered Allen,Miguel Saucedo,Joe Hurley,NA,NA,NA,NA,NA,NA,NA
1777595,Drama,2014,NA,NA,Christian Kane,Skeet Ulrich,William Devane,NA,NA,NA,NA,NA,NA,NA
1778931,Biography,Documentary,Sport,2014,Liam Neeson,NA,NA,NA,NA,NA,NA,NA,NA,NA
1780790,Horror,Sci-Fi,Thriller,2018,Alexander Cendese,Gregory Lay,NA,NA,NA,NA,NA,NA,NA,NA
1780798,Horror,Thriller,2014,NA,Andy Powers,Peter Stormare,Christian Distefano,NA,NA,NA,NA,NA,NA,NA
1780895,Fantasy,Horror,Romance,2018,Alexander Emmert,NA,NA,NA,NA,NA,NA,NA,NA,NA
1781001,Comedy,Drama,Music,2018,Alexander Emmert,NA,NA,NA,NA,NA,NA,NA,NA,NA
1781058,Comedy,Drama,2017,NA,James Robert Miller,Sandy Oian Thomas,Shaun Brown,Woody Harrelson,NA,NA,NA,NA,NA,NA
1781777,Comedy,2017,NA,NA,Danny Trejo,Peter Breitmayer,Chris McDonnell,NA,NA,NA,NA,NA,NA,NA
1781827,Action,Biography,Drama,2016,Rubn Blades,Edgar Ramrez,Usher Raymond,Robert De Niro,NA,NA,NA,NA,NA,NA
1781919,Comedy,2016,NA,NA,Jake Choi,Chris Beetem,Eugene Banks,NA,NA,NA,NA,NA,NA,NA
1781922,Action,Thriller,2015,NA,Pierce Brosnan,Owen Wilson,Thanawut Ketsaro,NA,NA,NA,NA,NA,NA,NA
1784359,Thriller,2015,NA,NA,John Boxer,Gary Boulter,Peter McAllum,Guy Edmonds,Greg Hatton,NA,NA,NA,NA,NA
1784664,Biography,Drama,Thriller,2014,John Cassini,Michael O'Neill,Ernie Hudson,NA,NA,NA,NA,NA,NA,NA
1785288,Drama,Thriller,War,2017,Ben Kingsley,Robert Blythe,Peter Serafinowicz,NA,NA,NA,NA,NA,NA,NA
1785635,Horror,Thriller,2017,NA,James Franco,Scott Haze,NA,NA,NA,NA,NA,NA,NA,NA
1785677,Documentary,2018,NA,NA,Dan Walker,Tom Holland,John Presnell,Tim Sullivan,David Joshua Smith,Scott Glosserman,NA,NA,NA,NA
1786503,Horror,Thriller,2017,NA,Brian Krause,John Beasley,David Mingrino,NA,NA,NA,NA,NA,NA,NA
1787741,Action,2014,NA,NA,Luke Anderson,Dewey Allen,Mando Allen,NA,NA,NA,NA,NA,NA,NA
1788379,Biography,2014,NA,NA,Anthony Sudol,Steven Hathaway,NA,NA,NA,NA,NA,NA,NA,NA
1790788,Documentary,Drama,2014,NA,Demetrius Grosse,NA,NA,NA,NA,NA,NA,NA,NA,NA
1790809,Action,Adventure,Fantasy,2017,Geoffrey Rush,Javier Bardem,Orlando Bloom,Johnny Depp,NA,NA,NA,NA,NA,NA
1790864,Action,Mystery,Sci-Fi,2014,Dylan O'Brien,Thomas Brodie Sangster,Will Poulter,NA,NA,NA,NA,NA,NA,NA
1791441,Drama,Romance,2014,NA,Justin Blount,Jonathan Gibralter,Darin Singleton,Max Carpenter,NA,NA,NA,NA,NA,NA
1791528,Comedy,Crime,Drama,2014,Joaquin Phoenix,Owen Wilson,Josh Brolin,NA,NA,NA,NA,NA,NA,NA
1791611,Action,Crime,Drama,2017,James Duval,John Savage,Eric Roberts,NA,NA,NA,NA,NA,NA,NA
1791681,Horror,Mystery,Thriller,2014,Clint James,Darren Kennedy,J. Michael Trautmann,NA,NA,NA,NA,NA,NA,NA
1791682,Comedy,Drama,Mystery,2014,Adam Driver,Ben Stiller,NA,NA,NA,NA,NA,NA,NA,NA
1794801,Mystery,Thriller,2014,NA,Andrew Howard,Andrew J. West,NA,NA,NA,NA,NA,NA,NA,NA
1794951,Documentary,Drama,History,2018,Junior,Mahogany,NA,NA,NA,NA,NA,NA,NA,NA
1796739,Drama,Thriller,2016,NA,Wade Williams,Christian Hutcherson,Spencer Treat Clark,NA,NA,NA,NA,NA,NA,NA
1798243,Comedy,Drama,Music,2014,Anton Yelchin,Billy Crudup,NA,NA,NA,NA,NA,NA,NA,NA
1798603,Comedy,Crime,Drama,2016,Billy Bob Thornton,Tony Cox,NA,NA,NA,NA,NA,NA,NA,NA
1798614,Drama,2014,NA,NA,Henry Opio,Maureen Nankya,Carlos Ombonya,James Bagyenzi,Leon Menya,Felix Bwanika,NA,NA,NA,NA
1798684,Drama,Sport,2015,NA,Jake Gyllenhaal,Forest Whitaker,NA,NA,NA,NA,NA,NA,NA,NA
1799516,Family,2018,NA,NA,Jerod Haynes,Gabriel Bateman,Gralen Bryant Banks,NA,NA,NA,NA,NA,NA,NA
1800246,Comedy,Romance,2014,NA,Zac Efron,Miles Teller,Michael B. Jordan,NA,NA,NA,NA,NA,NA,NA
1800302,Adventure,Drama,Thriller,2016,Edgar Ramrez,Matthew McConaughey,Corey Stoll,NA,NA,NA,NA,NA,NA,NA
1800337,Crime,Mystery,Thriller,2014,Giovanni Capalbo,Glen Murphy,Ray Winstone,NA,NA,NA,NA,NA,NA,NA
1800338,Drama,2014,NA,NA,Fedja van Hut,Barry Atsma,Marwan Kenzari,NA,NA,NA,NA,NA,NA,NA
1800351,Comedy,Sport,2014,NA,Erkan Kolak Kstendil,Steven Waddington,Lucien Laviscount,NA,NA,NA,NA,NA,NA,NA
1801026,Horror,2014,NA,NA,Peter J. Chaffey,NA,NA,NA,NA,NA,NA,NA,NA,NA
1801071,Adventure,Biography,Comedy,2014,Viktor Savic,Armand Assante,Petar Strugar,Milos Bikovic,NA,NA,NA,NA,NA,NA
1801549,Comedy,Drama,2014,NA,Jayce Bartok,Kevin Corrigan,Larry Fessenden,NA,NA,NA,NA,NA,NA,NA
1801552,Biography,Crime,Drama,2018,John Travolta,Spencer Rocco Lofranco,Stacy Keach,NA,NA,NA,NA,NA,NA,NA
1802533,Drama,Horror,Thriller,2018,Rick Vyper,Brandon Ferguson,NA,NA,NA,NA,NA,NA,NA,NA
1806913,Action,Comedy,Fantasy,2017,Arshad Warsi,Tusshar Kapoor,Ajay Devgn,Shreyas Talpade,NA,NA,NA,NA,NA,NA
1806975,Horror,Sci-Fi,2014,NA,Matt Aidan,NA,NA,NA,NA,NA,NA,NA,NA,NA
1808547,Comedy,2017,NA,NA,John Saxon,Ray Quiroga,Tyrone Power Jr.,NA,NA,NA,NA,NA,NA,NA
1809286,Horror,Thriller,2018,NA,Lee Haycraft,NA,NA,NA,NA,NA,NA,NA,NA,NA
1809398,Biography,Drama,Sport,2014,Jack O'Connell,Miyavi,Garrett Hedlund,Domhnall Gleeson,NA,NA,NA,NA,NA,NA
1810683,Drama,History,War,2015,Michael Rapaport,David Henrie,Jakob Salvati,NA,NA,NA,NA,NA,NA,NA
1810710,Thriller,2014,NA,NA,Courtney Gains,Jason Pace,Sean Kanan,NA,NA,NA,NA,NA,NA,NA
1811313,Drama,Mystery,Thriller,2015,Robin Christian,Greg Beam,Logan Borsari,NA,NA,NA,NA,NA,NA,NA
1813458,Drama,Mystery,2015,NA,Loc Brabant,Tristan Bonnard,Lucky Jacob,Fabien Joubert,NA,NA,NA,NA,NA,NA
1814809,Adventure,Animation,2014,NA,David Campiti,Steven Bontogon,Eric Cabahug,Whannie Dellosa,NA,NA,NA,NA,NA,NA
1817260,Documentary,2016,NA,NA,Micromike,Edmilson Filho,NA,NA,NA,NA,NA,NA,NA,NA
1817294,Comedy,Drama,2015,NA,Elie James Blezes,Lasha Bakradze,NA,NA,NA,NA,NA,NA,NA,NA
1817771,Comedy,Horror,Sci-Fi,2015,Josh Fadem,Nicholas Braun,Denis Leary,NA,NA,NA,NA,NA,NA,NA
1819591,Documentary,2014,NA,NA,John Gaughan,Michael Rayner,NA,NA,NA,NA,NA,NA,NA,NA
1819700,Comedy,Drama,Thriller,2014,John Leary,Rhys Muldoon,NA,NA,NA,NA,NA,NA,NA,NA
1821657,Crime,Drama,2016,NA,Lou Diamond Phillips,Louis Herthum,NA,NA,NA,NA,NA,NA,NA,NA
1821658,Adventure,Animation,Comedy,2014,Brendan Fraser,Will Arnett,Liam Neeson,NA,NA,NA,NA,NA,NA,NA
1821701,Family,Fantasy,Horror,2016,Callum Keith Rennie,NA,NA,NA,NA,NA,NA,NA,NA,NA
1822253,Adventure,Biography,Documentary,2014,Matthew Stoneman,NA,NA,NA,NA,NA,NA,NA,NA,NA
1822321,Drama,Romance,2014,NA,James MacPherson,Chaz Wood,Erik Michael Estrada,NA,NA,NA,NA,NA,NA,NA
1822395,Drama,Sci-Fi,Thriller,2018,James Hong,Jason Douglas,David Matranga,NA,NA,NA,NA,NA,NA,NA
1822396,Comedy,Drama,2015,NA,Alden Ehrenreich,John Alexander,Zachary Webber,NA,NA,NA,NA,NA,NA,NA
1823664,Comedy,Drama,Family,2014,Jamie Foxx,NA,NA,NA,NA,NA,NA,NA,NA,NA
1823672,Action,Crime,Drama,2015,Sharlto Copley,Dev Patel,Hugh Jackman,NA,NA,NA,NA,NA,NA,NA
1824204,Music,2014,NA,NA,Luizo Vega,NA,NA,NA,NA,NA,NA,NA,NA,NA
1824936,Drama,2014,NA,NA,Se In Kim,NA,NA,NA,NA,NA,NA,NA,NA,NA
1825683,Action,Adventure,Sci-Fi,2018,Chadwick Boseman,Michael B. Jordan,NA,NA,NA,NA,NA,NA,NA,NA
1825831,Action,2018,NA,NA,Hector Echavarria,Hctor Jimnez,NA,NA,NA,NA,NA,NA,NA,NA
1826590,Comedy,Romance,2014,NA,Kevin Hart,Michael Ealy,NA,NA,NA,NA,NA,NA,NA,NA
1826727,Comedy,Drama,2017,NA,Christopher Kirby,NA,NA,NA,NA,NA,NA,NA,NA,NA
1826956,Action,Drama,Thriller,2018,Bjrn Bengtsson,Hafr Jlus Bjrnsson,NA,NA,NA,NA,NA,NA,NA,NA
1827429,Horror,Mystery,Thriller,2015,Jason Chad Roth,Andres De La Fuente,Jorge Herrera,NA,NA,NA,NA,NA,NA,NA
1828172,Action,Western,2017,NA,Robert Miano,Gary Wasniewski,NA,NA,NA,NA,NA,NA,NA,NA
1828174,Documentary,2014,NA,NA,Nahuel Prez Biscayart,NA,NA,NA,NA,NA,NA,NA,NA,NA
1828251,Adventure,Family,Sci-Fi,2015,Yukita Kusunoki,Stutz Bearcat,Tanuki Toyoda,NA,NA,NA,NA,NA,NA,NA
1828325,Drama,2015,NA,NA,Ion Sapdaru,Andi Vasluianu,NA,NA,NA,NA,NA,NA,NA,NA
1828945,Comedy,Drama,Music,2014,Kevin M. Brennan,K.C. Haywood,NA,NA,NA,NA,NA,NA,NA,NA
1828968,Comedy,Drama,2014,NA,Jay Baruchel,Josh Duhamel,Topher Grace,NA,NA,NA,NA,NA,NA,NA
1830799,Comedy,2014,NA,NA,Andrew Johnston,Troy Planet,James McFay,Dale March,NA,NA,NA,NA,NA,NA
1830848,Action,Drama,History,2015,Joe Anastasio,Sean Ballantyne,Derick Agyemang,Victor Altomare,NA,NA,NA,NA,NA,NA
1833116,Crime,Drama,2018,NA,Joel Kinnaman,Clive Owen,NA,NA,NA,NA,NA,NA,NA,NA
1833883,Horror,2015,NA,NA,Sawyer Patterson,NA,NA,NA,NA,NA,NA,NA,NA,NA
1836740,Drama,2014,NA,NA,Harvey Keitel,Neeraj Kabi,Ayush Mahesh Khedekar,NA,NA,NA,NA,NA,NA,NA
1836869,Thriller,2015,NA,NA,Nick Principe,David Linski,NA,NA,NA,NA,NA,NA,NA,NA
1836872,Crime,Drama,2015,NA,Nick Afanasiev,Iyad Hajjaj,Lonnie 'Lono' Woodley,NA,NA,NA,NA,NA,NA,NA
1836953,Horror,Thriller,2015,NA,Al Thompson,Evan Bass,NA,NA,NA,NA,NA,NA,NA,NA
1837562,Comedy,Drama,Romance,2015,Rupert Everett,NA,NA,NA,NA,NA,NA,NA,NA,NA
1837569,Drama,Thriller,2015,NA,Vin Morreale Jr.,John D. Carver,David DeVita,Kevin Marshall,Bill Nally,NA,NA,NA,NA,NA
1837574,Crime,Drama,2014,NA,Stephen Graham,Neil Maskell,Peter Ferdinando,NA,NA,NA,NA,NA,NA,NA
1837613,Drama,Music,2014,NA,James Lance,Steve Coogan,Ricky Tomlinson,NA,NA,NA,NA,NA,NA,NA
1837636,Biography,Drama,History,2015,Robert Pattinson,Damian Lewis,James Franco,NA,NA,NA,NA,NA,NA,NA
1837683,Adventure,Fantasy,Horror,2017,George Karja,NA,NA,NA,NA,NA,NA,NA,NA,NA
1837709,Drama,Fantasy,Mystery,2014,Colin Farrell,Russell Crowe,NA,NA,NA,NA,NA,NA,NA,NA
1838572,Documentary,2015,NA,NA,Madan Bali,NA,NA,NA,NA,NA,NA,NA,NA,NA
1839426,Comedy,Horror,2014,NA,Whit Albrecht,Joe Canik,Matthew Albrecht,Phillip Albrecht,NA,NA,NA,NA,NA,NA
1839593,Thriller,2015,NA,NA,Francois Battiste,Daniel Abeles,Jeremy Davidson,NA,NA,NA,NA,NA,NA,NA
1839612,Drama,Mystery,Romance,2018,Joe O'Dell,John Campbell Mac,NA,NA,NA,NA,NA,NA,NA,NA
1840309,Adventure,Mystery,Sci-Fi,2014,Theo James,Jai Courtney,NA,NA,NA,NA,NA,NA,NA,NA
1841488,Comedy,Family,2014,NA,David Terrell,Darnell J. Cates,NA,NA,NA,NA,NA,NA,NA,NA
1841642,Horror,Thriller,2015,NA,Dustin Milligan,Frank Grillo,NA,NA,NA,NA,NA,NA,NA,NA
1842500,Drama,2016,NA,NA,Omar Knight,Eddy Rimada,Mel Nieves,NA,NA,NA,NA,NA,NA,NA
1843303,Comedy,Horror,2018,NA,Aurelio Voltaire,Nicholas M. Garofolo,Gregory James Cohan,NA,NA,NA,NA,NA,NA,NA
1843318,Thriller,2018,NA,NA,Brad Dourif,Mario Casas,Rodolfo Sancho,Christopher Lambert,NA,NA,NA,NA,NA,NA
1843866,Action,Adventure,Sci-Fi,2014,Robert Redford,Samuel L. Jackson,Chris Evans,NA,NA,NA,NA,NA,NA,NA
1843918,Comedy,Crime,Mystery,2016,Ygal Gleim,Walter Kueng,Peter Kaghanovitch,NA,NA,NA,NA,NA,NA,NA
1844204,Fantasy,Thriller,2014,NA,Aurlien Wiik,Francisco Pizarro Saenz de Urtury,Jos Mara de Tavira,NA,NA,NA,NA,NA,NA,NA
1844733,Action,Comedy,Fantasy,2014,Tommy Schaeffer,Toby Ambrose,NA,NA,NA,NA,NA,NA,NA,NA
1844760,Action,Drama,Horror,2017,B.J. Hendricks,Josh Carmichael,Tom Sizemore,NA,NA,NA,NA,NA,NA,NA
1846589,Action,Thriller,2017,NA,Gary Oldman,Ryan McPartlin,Gerard Butler,Michael Nyqvist,NA,NA,NA,NA,NA,NA
1846773,Action,2016,NA,NA,Vladimir Sergeyev,Vaughn Taylor,Lorin White,Mihail Russu,NA,NA,NA,NA,NA,NA
1847529,Drama,2015,NA,NA,Jrmie Renier,Claude Rich,Peter Sarsgaard,NA,NA,NA,NA,NA,NA,NA
1847567,Thriller,2014,NA,NA,Ricardo Andres,Kevin McNamara,NA,NA,NA,NA,NA,NA,NA,NA
1847672,Drama,2015,NA,NA,Nicholas Farrell,Ed Speleers,Tom Sturridge,NA,NA,NA,NA,NA,NA,NA
1848834,Action,Crime,Drama,2015,Erik Martin,Dibyendu Bhattacharya,Sharat Saxena,Masood Khan,Mohammed Zeeshan Ayyub,Samana Sajan,Richard Guppy,NA,NA,NA
1850397,Mystery,Romance,Thriller,2014,Eric Stonestreet,Wentworth Miller,Karl Urban,James Marsden,NA,NA,NA,NA,NA,NA
1850457,Comedy,2015,NA,NA,Ike Barinholtz,NA,NA,NA,NA,NA,NA,NA,NA,NA
1851941,Comedy,2016,NA,NA,Bobby Brown,Justin J. Etheredge,NA,NA,NA,NA,NA,NA,NA,NA
1852023,Drama,2014,NA,NA,Dominik Tiefenthaler,Christopher Shyer,Paul Lange,Michael Wolfe,NA,NA,NA,NA,NA,NA
1853481,Horror,2015,NA,NA,Louis Crespo Jr.,Amesti Reioux,Bob Galley,Michael Raabe,Phil Nichols,NA,NA,NA,NA,NA
1855551,Thriller,2016,NA,NA,Daniel Quinn,Gian Molina,NA,NA,NA,NA,NA,NA,NA,NA
1855977,Drama,2015,NA,NA,Andr Hennicke,Toby Kebbell,Christoph Bach,NA,NA,NA,NA,NA,NA,NA
1856057,Animation,Fantasy,2015,NA,Jean Pierre Marielle,Edouard Baer,Jackie Berroyer,NA,NA,NA,NA,NA,NA,NA
1856101,Drama,Mystery,Sci-Fi,2017,Ryan Gosling,Harrison Ford,Dave Bautista,NA,NA,NA,NA,NA,NA,NA
1857691,Thriller,2014,NA,NA,Andy Pett,Rino Aarvold,NA,NA,NA,NA,NA,NA,NA,NA
1857948,Comedy,Drama,2017,NA,Jason Ryan Lovett,Mark Weiler,NA,NA,NA,NA,NA,NA,NA,NA
1858788,Thriller,2018,NA,NA,Joel McIlroy,Drew Pearson,NA,NA,NA,NA,NA,NA,NA,NA
1858796,Comedy,2014,NA,NA,David Carzell,Dane Davenport,Rob Gleeson,Cory Watkins,NA,NA,NA,NA,NA,NA
1859444,Adventure,Comedy,Documentary,2014,Jesse von Fange,Chad Heddleston,Jeremy Tooley,NA,NA,NA,NA,NA,NA,NA
1859546,Drama,Mystery,2015,NA,Rambo Amadeus,Bojan Dimitrijevic,NA,NA,NA,NA,NA,NA,NA,NA
1859606,Animation,2015,NA,NA,Shiraz Khan,Simon Fox,Laurence Aldridge,NA,NA,NA,NA,NA,NA,NA
1859618,Drama,2017,NA,NA,Ethan Phillips,London Bridges,Jude Ciccolella,NA,NA,NA,NA,NA,NA,NA
1860213,Comedy,2016,NA,NA,Robert De Niro,Zac Efron,NA,NA,NA,NA,NA,NA,NA,NA
1860357,Action,Drama,Thriller,2016,Mark Wahlberg,James DuMont,Kurt Russell,Douglas M. Griffin,NA,NA,NA,NA,NA,NA
1861445,Crime,Drama,Thriller,2015,Doug E. Doug,Joseph R. Gannascoli,Russ Russo,NA,NA,NA,NA,NA,NA,NA
1863192,Drama,War,2014,NA,Ilyas Salman,Tamer Levent,Irakli Samushia,NA,NA,NA,NA,NA,NA,NA
1863293,Drama,2017,NA,NA,Manuchar Shervashidze,Hossein Mahjoub,NA,NA,NA,NA,NA,NA,NA,NA
1864405,Biography,Drama,Music,2014,John Hawkes,Peter Dinklage,NA,NA,NA,NA,NA,NA,NA,NA
1864492,Horror,2014,NA,NA,Edward Furlong,Laurence Mason,NA,NA,NA,NA,NA,NA,NA,NA
1865349,Comedy,Horror,2015,NA,Larry Thomas,Randy Benzie,Willy Adkins,Reggie Bannister,Tony Brown,Michael Wexler,Joe Estevez,NA,NA,NA
1865435,Thriller,2018,NA,NA,Louie Rankin,Drew Moss,Michael Primo,NA,NA,NA,NA,NA,NA,NA
1865491,Documentary,2014,NA,NA,Louis Siciliano,NA,NA,NA,NA,NA,NA,NA,NA,NA
1865505,Adventure,Animation,Drama,2014,Brendan Gleeson,David Rawle,NA,NA,NA,NA,NA,NA,NA,NA
1865510,Comedy,Drama,Romance,2014,Stefan Lidstrm,Andr Arvid berg,Simon Brostrm,Kristofer Mark Adolfsson,Amir Mardassi,NA,NA,NA,NA,NA
1867044,Documentary,2015,NA,NA,Jonathan Luther Jackson,Nancy Ellis,NA,NA,NA,NA,NA,NA,NA,NA
1867064,Drama,2014,NA,NA,Trishaan,Avalok Nagpal,Shubh,Rajesh Sharma,NA,NA,NA,NA,NA,NA
1867091,Drama,Sci-Fi,Thriller,2014,Scott Poythress,Conal Byrne,Lake Roberts,NA,NA,NA,NA,NA,NA,NA
1869348,Action,Crime,Drama,2015,Carmine Pannullo,Jeff Powers,Joseph Pangaro,Saverio Monaco,NA,NA,NA,NA,NA,NA
1869491,Horror,Mystery,Thriller,2017,Larena Reyna,Brad Pennington,Clint Browning,NA,NA,NA,NA,NA,NA,NA
1869785,Thriller,2017,NA,NA,Derek Erskine,NA,NA,NA,NA,NA,NA,NA,NA,NA
1870543,Horror,Thriller,2014,NA,Arron Kinser,Harry Lennix,Spencer Garrett,NA,NA,NA,NA,NA,NA,NA
1871216,Biography,Crime,Documentary,2014,Rachel Youngblood,Adrian Bryan,NA,NA,NA,NA,NA,NA,NA,NA
1871257,Action,Thriller,2014,NA,Stephen Lord,Greg Callahan,David Oyelowo,NA,NA,NA,NA,NA,NA,NA
1871391,Action,Crime,Drama,2014,David Kinsman,Louis Mandylor,Richard Roy Sutton,Franois Mequer,NA,NA,NA,NA,NA,NA
1872161,Documentary,Sport,2016,NA,Beverly Kearney,NA,NA,NA,NA,NA,NA,NA,NA,NA
1872181,Action,Adventure,Sci-Fi,2014,Andrew Garfield,Jamie Foxx,Paul Giamatti,NA,NA,NA,NA,NA,NA,NA
1872194,Crime,Drama,2014,NA,Robert Duvall,Billy Bob Thornton,Robert Downey Jr.,NA,NA,NA,NA,NA,NA,NA
1874742,Action,Family,Fantasy,2014,James Lew,Mark Steven Grove,Louis Mandylor,NA,NA,NA,NA,NA,NA,NA
1876466,Horror,Thriller,2017,NA,Mesindo Pompa,Luke Lippold,NA,NA,NA,NA,NA,NA,NA,NA
1876476,Horror,2017,NA,NA,Austin Anderson,Wes Scarpias,William Romeo,NA,NA,NA,NA,NA,NA,NA
1877624,Adventure,Crime,Drama,2014,Julian Byrd,Mihai Arsene,NA,NA,NA,NA,NA,NA,NA,NA
1877707,Sci-Fi,Thriller,2016,NA,Malcolm McDowell,Dean Cain,Aaron Perilo,NA,NA,NA,NA,NA,NA,NA
1877832,Action,Adventure,Sci-Fi,2014,Hugh Jackman,Patrick Stewart,James McAvoy,Ian McKellen,NA,NA,NA,NA,NA,NA
1877890,Horror,2014,NA,NA,Aidan Bristow,Aaron Burt,NA,NA,NA,NA,NA,NA,NA,NA
1878841,Horror,Thriller,2016,NA,David Mazouz,Kevin Bacon,NA,NA,NA,NA,NA,NA,NA,NA
1878870,Comedy,Drama,2016,NA,Blake Jenner,NA,NA,NA,NA,NA,NA,NA,NA,NA
1878933,Drama,Horror,Thriller,2015,Nate Callens,Todd Caryl,NA,NA,NA,NA,NA,NA,NA,NA
1878942,Comedy,Drama,Romance,2014,Gary Cole,Hunter Cope,Nicholas Braun,NA,NA,NA,NA,NA,NA,NA
1879017,Animation,Documentary,2018,NA,LeVar Burton,NA,NA,NA,NA,NA,NA,NA,NA,NA
1879042,Comedy,Crime,2018,NA,Richard Short,Patrick Gorman,Luke Massy,NA,NA,NA,NA,NA,NA,NA
1880313,Action,Adventure,Sci-Fi,2014,Sanjar Madi,Jose Rosete,Armand Assante,NA,NA,NA,NA,NA,NA,NA
1880379,Horror,2014,NA,NA,Jordan Wall,Brian C. Chenworth,NA,NA,NA,NA,NA,NA,NA,NA
1880399,Drama,2017,NA,NA,Jason Sudeikis,Bruce Greenwood,Ed Harris,NA,NA,NA,NA,NA,NA,NA
1880415,Drama,Romance,2017,NA,Delroy Lindo,Bill Skarsgrd,NA,NA,NA,NA,NA,NA,NA,NA
1880416,Thriller,2014,NA,NA,Christophe Haddad,NA,NA,NA,NA,NA,NA,NA,NA,NA
1880970,Crime,Drama,2014,NA,Jeff Ailshie,Greg Hayworth,Jeff Atkins,Jerry Foster,NA,NA,NA,NA,NA,NA
1881002,Drama,Horror,2015,NA,Arnold Schwarzenegger,NA,NA,NA,NA,NA,NA,NA,NA,NA
1881015,Adventure,Comedy,2014,NA,Johnny J. Sullivan,NA,NA,NA,NA,NA,NA,NA,NA,NA
1881064,Drama,2014,NA,NA,Steven Brand,NA,NA,NA,NA,NA,NA,NA,NA,NA
1881109,Comedy,Drama,2018,NA,Will Ferrell,James Franco,Danny McBride,NA,NA,NA,NA,NA,NA,NA
1883180,Comedy,Drama,Fantasy,2014,Holger Andersson,Nils Westblom,Viktor Gyllenberg,NA,NA,NA,NA,NA,NA,NA
1883313,Romance,Thriller,2015,NA,Kent Moran,Matt Israel,NA,NA,NA,NA,NA,NA,NA,NA
1883367,Comedy,Horror,2015,NA,Eric Roberts,Robert LaSardo,Dieter Laser,Laurence R. Harvey,NA,NA,NA,NA,NA,NA
1884338,Comedy,Drama,2015,NA,Paxton Gilmore,Larry Wade Carrell,Kenneth Andrews,Howard Calvert,Jake Byrd,Joe Bates,Dan Braverman,NA,NA,NA
1884378,Mystery,Sci-Fi,Thriller,2018,Akiva Schaffer,Austin Pendleton,NA,NA,NA,NA,NA,NA,NA,NA
1884415,Drama,Sci-Fi,2017,NA,Logan Cook,Nick Clothier,NA,NA,NA,NA,NA,NA,NA,NA
1885322,Drama,2018,NA,NA,Ilija Pasic,Bojan Dimitrijevic,Slobodan 'Boda' Ninkovic,Zoran Cvijanovic,NA,NA,NA,NA,NA,NA
1885325,Thriller,2016,NA,NA,Jason Gerhardt,Donny Boaz,NA,NA,NA,NA,NA,NA,NA,NA
1886680,Comedy,2014,NA,NA,Bryan Murphy,Nathan Anderson,Eric Roberts,NA,NA,NA,NA,NA,NA,NA
1886755,Drama,2014,NA,NA,John Ferguson,Jessejames Locorriere,NA,NA,NA,NA,NA,NA,NA,NA
1887671,Drama,2014,NA,NA,Seluk Yntem,Akahan Aka,Grkan Gnal,NA,NA,NA,NA,NA,NA,NA
1887746,Comedy,Fantasy,Romance,2015,Evan Williams,Timothy McCracken,Bronson Pelletier,NA,NA,NA,NA,NA,NA,NA
1887891,Drama,Mystery,Romance,2015,Paolo Pagliacolo,Josh Mendelow,NA,NA,NA,NA,NA,NA,NA,NA
1887901,Fantasy,2017,NA,NA,Alex Egan,Blake Everett,Ryan Culver,Knox Collier,NA,NA,NA,NA,NA,NA
1887907,Mystery,Thriller,2014,NA,Jose Torresma,Tony Isbert,Paco Roma,Javier Almeda,Daniel Pea,Pablo Via,NA,NA,NA,NA
1890342,Biography,Drama,History,2014,Carter Baird,J.W. Bar,Corey Blair,Luckson Bonhomme,NA,NA,NA,NA,NA,NA
1890363,Crime,Thriller,2016,NA,Anupam Kher,NA,NA,NA,NA,NA,NA,NA,NA,NA
1890448,Thriller,2014,NA,NA,Jason Wilkinson,Bryson Baker,NA,NA,NA,NA,NA,NA,NA,NA
1891766,Crime,Drama,2015,NA,Michael Welch,Erick Avari,Robert Cicchini,NA,NA,NA,NA,NA,NA,NA
1891923,Horror,Thriller,2015,NA,Robert Knepper,Andrew Buckley,NA,NA,NA,NA,NA,NA,NA,NA
1891939,Animation,Family,Fantasy,2014,Dainius Gavenonis,Rimantas Bagdzevicius,Sigutis Jacenas,Gilbert Johnston,NA,NA,NA,NA,NA,NA
1894486,Action,Drama,History,2015,Damin Alczar,Juan Pablo Barragn,Marlon Moreno,NA,NA,NA,NA,NA,NA,NA
1894487,History,2016,NA,NA,Bernard Menez,Jackie Berroyer,Jean Claude Dreyfus,Bruno Putzulu,NA,NA,NA,NA,NA,NA
1894620,Drama,2015,NA,NA,Grant James,Alcides Dias,Adam Dietrich,NA,NA,NA,NA,NA,NA,NA
1894622,Drama,2015,NA,NA,Kristos Andrews,Felix Delgado,Santiago Douglas,Anthony Aquilino,NA,NA,NA,NA,NA,NA
1895315,Horror,Thriller,Western,2016,Paul Anderson,Kit Harington,Guy Pearce,NA,NA,NA,NA,NA,NA,NA
1895587,Crime,Drama,History,2015,Liev Schreiber,Mark Ruffalo,Michael Keaton,NA,NA,NA,NA,NA,NA,NA
1899305,Fantasy,Horror,2014,NA,Paulo Brunetti,Felipe Contreras,NA,NA,NA,NA,NA,NA,NA,NA
1900999,Drama,2014,NA,NA,Michael Parr,Reuben Johnson,Iain McKee,Benedict Fogarty,Paul Conway,Craig Morris,Tommy Vine,Jamie Samuel,Yusuf Khamisa,NA
1901024,Crime,Drama,Thriller,2016,Jim Carrey,Marton Csokas,NA,NA,NA,NA,NA,NA,NA,NA
1905003,Drama,2014,NA,NA,Ljubomir Bandovic,Emir Hadzihafizbegovic,Goran Bogdan,NA,NA,NA,NA,NA,NA,NA
1905005,Horror,Mystery,Thriller,2015,Christian Sandstrm,Michael Vardian,Eero Hasu,Jussi 69,Johnny Sachon,NA,NA,NA,NA,NA
1905085,Horror,2014,NA,NA,Osvaldo de Len,Ral Mndez,NA,NA,NA,NA,NA,NA,NA,NA
1906384,Drama,2014,NA,NA,Ben Rosenfield,Grant Gustin,Gregg Sulkin,NA,NA,NA,NA,NA,NA,NA
1906511,Biography,Documentary,2014,NA,Zach Rose,Christian Taylor,Sam Funk,NA,NA,NA,NA,NA,NA,NA
1907688,Crime,Drama,Thriller,2015,Rudolf Martin,Joaquim de Almeida,James Wilder,Zuher Khan,NA,NA,NA,NA,NA,NA
1909287,Drama,Romance,2014,NA,Juan Diego Cano Gil,Vaneik Echeverria,Justin Arnsworth,NA,NA,NA,NA,NA,NA,NA
1911658,Adventure,Animation,Comedy,2014,Christopher Knights,Chris Miller,Conrad Vernon,Tom McGrath,NA,NA,NA,NA,NA,NA
1913036,Drama,Mystery,Thriller,2016,Joseph Kennedy,Daniel Lapaine,John Bowe,NA,NA,NA,NA,NA,NA,NA
1913080,Horror,Thriller,2015,NA,Brian Broscoe,Nick Bender,NA,NA,NA,NA,NA,NA,NA,NA
1918855,Comedy,Musical,2015,NA,Alexander Baack,Michael Alexander Henry,NA,NA,NA,NA,NA,NA,NA,NA
1918908,Thriller,2014,NA,NA,Devon Werkheiser,Spencer Daniels,NA,NA,NA,NA,NA,NA,NA,NA
1918911,Comedy,Drama,Romance,2015,Jean Dujardin,Christopher Lambert,NA,NA,NA,NA,NA,NA,NA,NA
1919160,Comedy,Drama,2014,NA,Travis Curran,Jordan Handren Seavey,NA,NA,NA,NA,NA,NA,NA,NA
1920846,Action,Horror,Sci-Fi,2014,Zach Cohen,Larry Butchins,NA,NA,NA,NA,NA,NA,NA,NA
1920871,Musical,2014,NA,NA,Sam Tsui,Miles Jacoby,NA,NA,NA,NA,NA,NA,NA,NA
1920885,Animation,2016,NA,NA,Shih Chieh King,Guangtao Jiang,NA,NA,NA,NA,NA,NA,NA,NA
1920928,Romance,2014,NA,NA,Zhi Chao Fu,Jian Guang Ge,Jian Jun Ding,NA,NA,NA,NA,NA,NA,NA
1920999,Drama,2015,NA,NA,Adriano Chiaramida,Daniele Favilli,Giampiero Caira,Massimo Bonetti,Orso Maria Guerrini,NA,NA,NA,NA,NA
1921064,Action,Adventure,Drama,2014,Kit Harington,Adewale Akinnuoye Agbaje,Kiefer Sutherland,NA,NA,NA,NA,NA,NA,NA
1921149,Adventure,Crime,Drama,2014,Martin Sheen,Gabriel Weinstein,Rickson Tevez,NA,NA,NA,NA,NA,NA,NA
1922544,Comedy,2018,NA,NA,Brian d'Arcy James,NA,NA,NA,NA,NA,NA,NA,NA,NA
1922594,Drama,Fantasy,2014,NA,Joaqun Caldern,Javier Chocarro,NA,NA,NA,NA,NA,NA,NA,NA
1924435,Comedy,Crime,2014,NA,Rob Riggle,Jake Johnson,Damon Wayans Jr.,NA,NA,NA,NA,NA,NA,NA
1925466,Drama,2014,NA,NA,Cameron Monaghan,Ron Yuan,James Frecheville,NA,NA,NA,NA,NA,NA,NA
1925539,Comedy,Drama,Fantasy,2015,Marc Kenison,NA,NA,NA,NA,NA,NA,NA,NA,NA
1926980,Comedy,Drama,2016,NA,Jack Michel,James Ferguson,Nathaniel Gomes,NA,NA,NA,NA,NA,NA,NA
1928144,Action,Crime,Thriller,2014,Dallas Barnett,Richard Alexander,Kerry Glamsch,Renee Cataldo,NA,NA,NA,NA,NA,NA
1928200,Action,Comedy,Drama,2014,Eduardo Blanco,lex Garca,NA,NA,NA,NA,NA,NA,NA,NA
1928334,Comedy,Drama,2016,NA,Ron Jeremy,NA,NA,NA,NA,NA,NA,NA,NA,NA
1929263,Biography,Drama,Family,2014,Greg Kinnear,Connor Corum,Thomas Haden Church,NA,NA,NA,NA,NA,NA,NA
1929276,Horror,Thriller,2015,NA,James Lance,Craig Conway,James Cosmo,Bob Duff,NA,NA,NA,NA,NA,NA
1929310,Horror,2015,NA,NA,Gary Busey,Ray Quiroga,Robert Picardo,Tom Tangen,NA,NA,NA,NA,NA,NA
1929433,Drama,2015,NA,NA,Louis Koo,Francis Ng,Julian Cheung,NA,NA,NA,NA,NA,NA,NA
1930463,Comedy,Drama,2014,NA,Robert Knepper,Luke Wilson,Brenton Thwaites,NA,NA,NA,NA,NA,NA,NA
